LoanID,Branch,DisbursementDate,LoanType,SanctionedAmount,OutstandingAmount,DPD,InterestRate,CollateralCoverage,Status
LN-100001,Patna Main,2025-01-03,Auto,458176,173636,0,11.82,0.97,Standard
LN-100002,Patna Main,2020-01-07,Home,1160488,454811,0,9.65,1.42,Standard
LN-100003,Gaya,2019-09-11,Home,1736332,1215082,0,8.1,1.43,Standard
LN-100004,Kankarbagh,2020-04-27,Home,1358575,593090,0,8.21,1.43,Standard
LN-100005,Patna Main,2019-09-15,Personal,148498,100778,0,14.24,0.0,Standard
LN-100006,Danapur,2024-01-31,Auto,857549,461780,0,11.59,1.05,Standard
LN-100007,Hajipur,2024-01-13,Personal,177976,155744,16,14.22,0.0,SMA-0
LN-100008,Gaya,2020-09-14,Home,2947201,2370388,0,8.08,1.58,Standard
LN-100009,Muzaffarpur,2022-07-09,Personal,450855,371259,0,14.39,0.0,Standard
LN-100010,Hajipur,2020-01-19,Personal,354032,138518,0,13.95,0.0,Standard
LN-100011,Bhagalpur,2025-06-25,Personal,81808,43830,0,13.57,0.0,Standard
LN-100012,Boring Road,2022-12-26,Auto,1001133,915425,0,10.99,0.99,Standard
LN-100013,Bhagalpur,2023-05-21,Home,2005576,999918,0,8.16,1.58,Standard
LN-100014,Hajipur,2023-10-30,Auto,876129,378624,0,11.41,1.22,Standard
LN-100015,Danapur,2020-12-22,Agri,498921,219801,0,7.02,0.9,Standard
LN-100016,Muzaffarpur,2023-09-13,Business,2029602,715346,0,12.91,1.21,Standard
LN-100017,Bhagalpur,2019-08-10,Personal,320265,237950,0,14.8,0.0,Standard
LN-100018,Patna Main,2024-05-26,Business,3791512,2223616,0,11.38,1.25,Standard
LN-100019,Kankarbagh,2019-08-04,Agri,562030,311383,0,8.07,0.88,Standard
LN-100020,Muzaffarpur,2021-10-30,Agri,743550,428090,405,7.95,1.14,NPA
LN-100021,Kankarbagh,2024-06-04,Home,2847105,1792519,0,8.2,1.32,Standard
LN-100022,Muzaffarpur,2024-10-15,Auto,577617,442012,0,10.29,0.94,Standard
LN-100023,Hajipur,2020-01-08,Personal,64178,33941,0,14.04,0.0,Standard
LN-100024,Danapur,2024-08-21,Agri,472974,316682,0,8.23,0.95,Standard
LN-100025,Bhagalpur,2021-07-17,Business,2137003,1797219,0,11.71,1.09,Standard
LN-100026,Muzaffarpur,2021-03-04,Home,917176,580888,0,8.89,1.48,Standard
LN-100027,Bhagalpur,2021-06-22,Agri,466497,265335,0,7.39,0.88,Standard
LN-100028,Boring Road,2019-12-14,Home,808004,599367,0,9.82,1.54,Standard
LN-100029,Gaya,2022-09-23,Business,2172012,992855,0,11.93,1.05,Standard
LN-100030,Patna Main,2020-06-04,Personal,94522,42724,0,13.3,0.0,Standard
LN-100031,Muzaffarpur,2024-04-26,Agri,787717,666335,0,7.31,1.05,Standard
LN-100032,Gaya,2020-07-24,Personal,61218,25201,423,14.97,0.0,NPA
LN-100033,Gaya,2022-08-28,Home,1685175,833022,17,9.67,1.3,SMA-0
LN-100034,Kankarbagh,2024-10-17,Home,2283877,1707164,0,9.06,1.37,Standard
LN-100035,Kankarbagh,2019-01-17,Personal,59806,48796,0,13.34,0.0,Standard
LN-100036,Bhagalpur,2024-10-24,Auto,1060420,410439,0,11.57,1.11,Standard
LN-100037,Patna Main,2020-02-05,Home,1038331,535935,0,9.52,1.4,Standard
LN-100038,Hajipur,2024-09-28,Agri,564779,527513,0,7.9,0.91,Standard
LN-100039,Hajipur,2024-11-13,Personal,300628,149891,0,14.85,0.0,Standard
LN-100040,Muzaffarpur,2020-05-13,Business,2199435,950773,0,11.15,1.16,Standard
LN-100041,Kankarbagh,2020-05-16,Home,1106690,588392,0,9.88,1.57,Standard
LN-100042,Gaya,2020-01-21,Personal,241985,116577,330,14.77,0.0,NPA
LN-100043,Gaya,2024-10-12,Home,1738316,1058483,0,8.39,1.36,Standard
LN-100044,Patna Main,2024-02-22,Auto,1057230,584424,0,10.77,1.08,Standard
LN-100045,Boring Road,2021-07-25,Personal,204903,79620,0,13.17,0.0,Standard
LN-100046,Hajipur,2023-09-26,Home,1561481,667897,0,8.81,1.55,Standard
LN-100047,Hajipur,2020-01-02,Personal,319894,246399,0,13.12,0.0,Standard
LN-100048,Boring Road,2019-03-10,Personal,272988,139594,0,14.6,0.0,Standard
LN-100049,Gaya,2024-02-02,Home,1732846,1503530,0,9.85,1.19,Standard
LN-100050,Hajipur,2020-03-24,Home,1342008,1041025,0,8.1,1.6,Standard
LN-100051,Kankarbagh,2021-04-23,Home,2108590,1409912,0,8.54,1.31,Standard
LN-100052,Danapur,2021-02-15,Business,2600916,1770260,17,12.87,1.21,SMA-0
LN-100053,Hajipur,2023-05-30,Home,2612684,1770208,0,9.38,1.6,Standard
LN-100054,Muzaffarpur,2020-07-26,Agri,459351,403842,0,8.96,0.97,Standard
LN-100055,Gaya,2019-08-15,Business,619580,376980,69,12.74,1.05,SMA-2
LN-100056,Bhagalpur,2019-07-05,Personal,197814,151449,0,13.37,0.0,Standard
LN-100057,Patna Main,2025-02-18,Home,815194,755743,0,9.93,1.33,Standard
LN-100058,Danapur,2019-12-10,Auto,673905,371456,0,10.5,1.09,Standard
LN-100059,Gaya,2023-06-25,Business,1262119,509709,0,11.04,1.23,Standard
LN-100060,Gaya,2020-09-27,Auto,544118,503082,0,11.53,1.15,Standard
LN-100061,Gaya,2024-10-02,Personal,309098,135030,81,14.47,0.0,SMA-2
LN-100062,Patna Main,2025-05-17,Business,1668596,1337747,0,12.65,1.32,Standard
LN-100063,Boring Road,2021-07-30,Personal,422866,323914,0,13.06,0.0,Standard
LN-100064,Patna Main,2024-01-23,Home,2312916,1332172,0,9.25,1.42,Standard
LN-100065,Boring Road,2019-10-15,Personal,306531,191327,0,14.32,0.0,Standard
LN-100066,Danapur,2021-12-23,Home,2787506,1100145,0,8.46,1.29,Standard
LN-100067,Hajipur,2024-05-16,Personal,291350,168848,0,14.53,0.0,Standard
LN-100068,Hajipur,2022-09-20,Personal,386992,274696,0,14.3,0.0,Standard
LN-100069,Bhagalpur,2019-09-06,Personal,375661,134292,0,13.54,0.0,Standard
LN-100070,Hajipur,2024-10-16,Personal,412904,265815,0,13.93,0.0,Standard
LN-100071,Bhagalpur,2022-06-30,Auto,424259,288261,0,10.04,1.26,Standard
LN-100072,Danapur,2022-01-05,Auto,1159725,1097988,0,10.15,1.06,Standard
LN-100073,Boring Road,2024-09-14,Home,2998090,1696116,0,9.41,1.31,Standard
LN-100074,Gaya,2024-07-06,Home,2839021,1264611,0,8.6,1.48,Standard
LN-100075,Muzaffarpur,2022-09-19,Home,2242673,947632,0,9.68,1.19,Standard
LN-100076,Boring Road,2022-04-02,Home,1620997,1444211,0,8.79,1.3,Standard
LN-100077,Patna Main,2019-07-17,Agri,717796,369732,477,8.67,0.93,NPA
LN-100078,Muzaffarpur,2024-09-23,Home,1424592,725740,0,9.57,1.32,Standard
LN-100079,Boring Road,2025-03-19,Auto,330420,240723,0,10.1,1.12,Standard
LN-100080,Bhagalpur,2022-03-18,Personal,286380,124044,0,13.1,0.0,Standard
LN-100081,Hajipur,2022-02-28,Agri,233495,139845,0,7.81,0.94,Standard
LN-100082,Boring Road,2020-11-16,Home,2826612,1658149,0,8.42,1.46,Standard
LN-100083,Bhagalpur,2022-09-25,Agri,621221,386270,0,7.85,1.15,Standard
LN-100084,Hajipur,2023-02-17,Personal,177971,96384,3,14.62,0.0,SMA-0
LN-100085,Danapur,2023-08-23,Home,884228,528476,0,8.75,1.5,Standard
LN-100086,Danapur,2023-01-15,Auto,365074,253569,0,10.19,0.98,Standard
LN-100087,Patna Main,2022-07-02,Business,3725929,2300817,0,11.25,1.33,Standard
LN-100088,Gaya,2024-06-29,Auto,1100787,697856,0,11.86,0.94,Standard
LN-100089,Danapur,2021-10-14,Agri,653502,609943,0,7.31,1.08,Standard
LN-100090,Boring Road,2024-02-17,Personal,407603,300978,449,14.1,0.0,NPA
LN-100091,Hajipur,2022-05-29,Home,1327021,1196909,0,9.06,1.59,Standard
LN-100092,Danapur,2024-11-18,Auto,1100948,431804,0,10.78,1.25,Standard
LN-100093,Danapur,2022-07-19,Home,804831,416228,15,8.95,1.46,SMA-0
LN-100094,Gaya,2019-03-31,Home,1836237,981356,51,8.16,1.27,SMA-1
LN-100095,Gaya,2019-05-20,Home,2579737,1253937,0,8.72,1.48,Standard
LN-100096,Bhagalpur,2024-08-29,Auto,307081,243662,0,11.94,0.96,Standard
LN-100097,Hajipur,2021-12-21,Auto,1159837,729617,0,10.22,1.19,Standard
LN-100098,Patna Main,2023-09-05,Personal,369867,179014,0,14.9,0.0,Standard
LN-100099,Patna Main,2020-08-04,Home,2450290,892340,0,8.37,1.36,Standard
LN-100100,Muzaffarpur,2019-11-22,Auto,1046622,826449,0,10.38,1.24,Standard
LN-100101,Muzaffarpur,2023-03-31,Personal,325145,120023,0,14.97,0.0,Standard
LN-100102,Danapur,2020-05-21,Auto,414250,249424,12,10.76,1.12,SMA-0
LN-100103,Danapur,2019-07-21,Business,3089556,1882990,0,11.75,1.27,Standard
LN-100104,Gaya,2024-04-27,Agri,302402,239621,0,7.5,0.86,Standard
LN-100105,Hajipur,2019-09-11,Personal,262217,218165,3,13.39,0.0,SMA-0
LN-100106,Muzaffarpur,2019-06-28,Home,2222160,1224371,0,9.85,1.3,Standard
LN-100107,Gaya,2024-03-22,Home,1074022,837031,16,9.58,1.59,SMA-0
LN-100108,Hajipur,2019-02-05,Agri,617444,400057,0,8.65,1.09,Standard
LN-100109,Boring Road,2023-01-22,Business,2480906,1343979,0,12.02,1.3,Standard
LN-100110,Muzaffarpur,2019-05-19,Auto,467706,181863,0,10.32,1.09,Standard
LN-100111,Gaya,2019-12-11,Auto,410332,208832,0,11.0,1.0,Standard
LN-100112,Danapur,2024-03-02,Personal,284337,122196,0,14.5,0.0,Standard
LN-100113,Muzaffarpur,2022-02-18,Business,1516403,798165,0,11.51,1.22,Standard
LN-100114,Danapur,2020-09-20,Home,2642967,1314094,0,8.65,1.31,Standard
LN-100115,Patna Main,2020-02-16,Auto,557896,272716,0,10.2,1.15,Standard
LN-100116,Hajipur,2023-03-12,Auto,1158891,717328,0,10.47,0.95,Standard
LN-100117,Hajipur,2020-12-29,Home,1614372,925588,0,9.55,1.38,Standard
LN-100118,Muzaffarpur,2019-06-03,Personal,53323,29851,50,13.68,0.0,SMA-1
LN-100119,Gaya,2019-02-16,Home,1869185,882377,90,9.36,1.53,SMA-2
LN-100120,Boring Road,2024-07-23,Home,2109443,778131,0,8.82,1.42,Standard
LN-100121,Hajipur,2020-11-01,Business,1796477,727019,0,11.82,1.16,Standard
LN-100122,Gaya,2025-05-09,Home,2090150,795963,0,8.83,1.56,Standard
LN-100123,Patna Main,2023-07-17,Business,3551619,2075703,0,11.87,1.09,Standard
LN-100124,Kankarbagh,2023-02-02,Home,1276218,757730,0,8.26,1.38,Standard
LN-100125,Muzaffarpur,2019-12-31,Home,1397674,1252144,0,9.47,1.43,Standard
LN-100126,Bhagalpur,2019-10-02,Home,2259386,1497285,0,9.51,1.24,Standard
LN-100127,Bhagalpur,2019-06-28,Business,2155422,1837229,0,11.63,1.37,Standard
LN-100128,Danapur,2020-10-18,Personal,383639,342410,0,14.24,0.0,Standard
LN-100129,Patna Main,2021-06-12,Personal,152819,70263,0,13.8,0.0,Standard
LN-100130,Patna Main,2021-02-27,Personal,251104,110405,0,14.77,0.0,Standard
LN-100131,Hajipur,2023-05-16,Business,819846,446424,0,12.3,1.24,Standard
LN-100132,Kankarbagh,2024-01-05,Auto,561366,418389,0,10.05,1.1,Standard
LN-100133,Kankarbagh,2024-02-21,Personal,306639,189531,0,14.62,0.0,Standard
LN-100134,Patna Main,2020-01-11,Auto,370381,225325,0,10.08,1.2,Standard
LN-100135,Gaya,2019-08-11,Home,2115861,1389886,0,9.31,1.51,Standard
LN-100136,Bhagalpur,2020-03-24,Business,716899,679387,0,11.58,1.09,Standard
LN-100137,Muzaffarpur,2021-06-24,Business,1885055,1475334,0,12.22,1.04,Standard
LN-100138,Bhagalpur,2024-02-13,Home,2158279,1111504,0,8.42,1.25,Standard
LN-100139,Kankarbagh,2021-03-25,Home,2922347,1675557,0,9.27,1.27,Standard
LN-100140,Patna Main,2021-12-18,Home,2174994,981456,0,9.27,1.24,Standard
LN-100141,Gaya,2020-03-04,Auto,775045,541002,0,11.48,1.02,Standard
LN-100142,Boring Road,2023-01-15,Auto,693991,483307,0,10.88,1.04,Standard
LN-100143,Muzaffarpur,2022-06-24,Home,1002549,661346,0,9.47,1.46,Standard
LN-100144,Patna Main,2023-01-31,Personal,166201,99822,74,13.26,0.0,SMA-2
LN-100145,Danapur,2024-11-12,Home,991191,527555,12,8.83,1.34,SMA-0
LN-100146,Patna Main,2024-04-29,Auto,440222,318878,0,11.87,0.99,Standard
LN-100147,Hajipur,2020-08-15,Home,1426264,553677,0,8.8,1.56,Standard
LN-100148,Bhagalpur,2022-12-05,Home,848217,714647,0,9.2,1.44,Standard
LN-100149,Patna Main,2019-06-30,Personal,308396,275121,0,14.06,0.0,Standard
LN-100150,Danapur,2020-03-05,Auto,549213,492669,0,10.28,0.94,Standard
LN-100151,Boring Road,2020-12-16,Home,2926294,1753279,0,8.6,1.4,Standard
LN-100152,Bhagalpur,2023-11-24,Home,2804563,992281,0,8.16,1.5,Standard
LN-100153,Patna Main,2021-08-09,Personal,141955,58651,0,13.25,0.0,Standard
LN-100154,Hajipur,2025-03-18,Business,2708708,1380338,0,11.59,1.26,Standard
LN-100155,Danapur,2021-08-25,Agri,327536,165806,36,8.89,1.1,SMA-1
LN-100156,Gaya,2021-09-06,Personal,221374,129111,0,14.82,0.0,Standard
LN-100157,Bhagalpur,2025-01-05,Personal,413249,353292,0,13.94,0.0,Standard
LN-100158,Hajipur,2021-08-15,Personal,53345,32665,0,14.58,0.0,Standard
LN-100159,Kankarbagh,2020-04-03,Auto,913765,337863,165,10.69,0.97,NPA
LN-100160,Boring Road,2019-10-05,Home,920513,672275,21,9.71,1.5,SMA-0
LN-100161,Gaya,2019-09-28,Business,2171951,1828214,0,11.21,1.34,Standard
LN-100162,Hajipur,2019-12-25,Home,1269635,1018569,506,8.95,1.54,NPA
LN-100163,Hajipur,2021-12-05,Home,1659804,916062,0,9.86,1.2,Standard
LN-100164,Hajipur,2024-08-25,Home,2343605,1901935,0,9.24,1.39,Standard
LN-100165,Danapur,2019-07-17,Home,2531915,1412983,34,9.43,1.42,SMA-1
LN-100166,Patna Main,2021-04-07,Business,2908450,1020224,0,11.01,1.12,Standard
LN-100167,Hajipur,2024-07-18,Auto,815358,689144,0,11.16,1.13,Standard
LN-100168,Boring Road,2020-11-10,Home,1700577,831440,0,8.98,1.24,Standard
LN-100169,Gaya,2022-12-27,Agri,688518,500387,0,8.78,0.88,Standard
LN-100170,Hajipur,2021-04-24,Personal,271317,99059,0,13.53,0.0,Standard
LN-100171,Kankarbagh,2021-08-14,Agri,625535,587656,0,8.06,1.13,Standard
LN-100172,Bhagalpur,2020-09-28,Business,784240,428192,0,12.32,1.33,Standard
LN-100173,Danapur,2021-11-19,Personal,138893,106036,0,13.25,0.0,Standard
LN-100174,Kankarbagh,2022-05-19,Auto,1030400,479079,0,11.45,1.18,Standard
LN-100175,Danapur,2021-08-25,Agri,442425,247395,0,7.52,0.95,Standard
LN-100176,Kankarbagh,2021-03-11,Agri,206751,153976,0,8.59,0.97,Standard
LN-100177,Hajipur,2020-03-13,Personal,278024,115538,0,13.41,0.0,Standard
LN-100178,Hajipur,2024-08-11,Auto,335579,257075,314,10.93,1.26,NPA
LN-100179,Gaya,2025-06-09,Home,2497490,1518516,28,9.69,1.44,SMA-0
LN-100180,Kankarbagh,2021-07-25,Personal,392090,319329,0,14.28,0.0,Standard
LN-100181,Gaya,2023-09-15,Auto,628219,483974,0,11.43,1.01,Standard
LN-100182,Gaya,2019-03-22,Personal,181103,115842,0,14.04,0.0,Standard
LN-100183,Gaya,2019-02-13,Personal,145977,79825,0,14.66,0.0,Standard
LN-100184,Boring Road,2021-03-29,Agri,211547,164949,36,8.69,1.01,SMA-1
LN-100185,Gaya,2023-02-24,Auto,514939,338477,0,11.48,1.11,Standard
LN-100186,Muzaffarpur,2020-05-16,Auto,1017603,669863,0,11.28,1.18,Standard
LN-100187,Muzaffarpur,2023-09-11,Home,2401539,859715,0,9.16,1.57,Standard
LN-100188,Gaya,2024-11-28,Home,2072951,1894592,0,8.92,1.6,Standard
LN-100189,Danapur,2024-04-05,Home,1088966,795576,0,9.63,1.46,Standard
LN-100190,Bhagalpur,2025-02-23,Home,2533449,1334128,0,8.71,1.46,Standard
LN-100191,Bhagalpur,2023-10-12,Business,2743319,2091701,0,11.01,1.26,Standard
LN-100192,Bhagalpur,2022-08-05,Personal,197435,146623,0,13.97,0.0,Standard
LN-100193,Gaya,2022-05-26,Personal,94785,53787,0,13.11,0.0,Standard
LN-100194,Patna Main,2022-11-14,Business,3223788,1399901,0,12.31,1.25,Standard
LN-100195,Danapur,2020-02-20,Home,1101988,551012,0,8.37,1.43,Standard
LN-100196,Boring Road,2024-12-29,Auto,1123011,1002234,0,11.34,0.99,Standard
LN-100197,Bhagalpur,2024-12-14,Business,2991783,2290735,0,12.34,1.05,Standard
LN-100198,Patna Main,2020-07-24,Home,1296700,636038,0,8.97,1.39,Standard
LN-100199,Muzaffarpur,2019-01-28,Agri,615241,276102,0,7.94,0.9,Standard
LN-100200,Gaya,2023-10-11,Personal,398809,251033,0,15.0,0.0,Standard
LN-100201,Patna Main,2019-04-27,Personal,144643,105832,0,14.22,0.0,Standard
LN-100202,Bhagalpur,2024-06-06,Personal,223254,90727,0,14.51,0.0,Standard
LN-100203,Muzaffarpur,2022-10-18,Home,1694904,1229088,0,8.68,1.23,Standard
LN-100204,Hajipur,2021-10-27,Business,2267691,1258961,0,11.59,1.22,Standard
LN-100205,Danapur,2024-09-05,Business,3886730,3655750,0,12.31,1.14,Standard
LN-100206,Boring Road,2020-06-06,Business,3275759,2548241,0,12.57,1.23,Standard
LN-100207,Patna Main,2022-05-15,Home,2503009,950692,0,8.38,1.24,Standard
LN-100208,Gaya,2024-08-13,Agri,738253,285032,0,8.23,1.12,Standard
LN-100209,Danapur,2019-12-06,Personal,415116,363556,0,13.08,0.0,Standard
LN-100210,Patna Main,2021-01-12,Personal,377825,155217,0,13.84,0.0,Standard
LN-100211,Hajipur,2022-06-21,Home,856314,722358,0,9.72,1.43,Standard
LN-100212,Patna Main,2025-06-26,Home,943616,574101,0,9.0,1.58,Standard
LN-100213,Bhagalpur,2023-07-16,Personal,482409,370214,385,13.13,0.0,NPA
LN-100214,Bhagalpur,2020-09-28,Personal,361355,329784,0,14.54,0.0,Standard
LN-100215,Patna Main,2020-09-13,Personal,93476,44622,0,13.85,0.0,Standard
LN-100216,Kankarbagh,2021-06-12,Home,1310324,1133535,0,8.94,1.56,Standard
LN-100217,Kankarbagh,2019-07-25,Home,1816155,1446612,0,9.46,1.34,Standard
LN-100218,Patna Main,2021-11-06,Home,2889169,2627433,0,9.43,1.57,Standard
LN-100219,Hajipur,2019-11-23,Home,861780,656662,0,9.46,1.35,Standard
LN-100220,Bhagalpur,2025-06-13,Home,2839809,1532837,0,9.35,1.5,Standard
LN-100221,Bhagalpur,2023-09-08,Home,1289497,950273,0,9.89,1.39,Standard
LN-100222,Patna Main,2022-09-22,Business,3300834,1275385,0,12.66,1.33,Standard
LN-100223,Gaya,2021-10-05,Personal,211794,198204,0,13.77,0.0,Standard
LN-100224,Muzaffarpur,2022-03-06,Auto,1108919,925381,0,10.53,1.16,Standard
LN-100225,Kankarbagh,2019-06-23,Auto,915139,739427,0,11.62,1.03,Standard
LN-100226,Bhagalpur,2025-02-21,Business,1733117,1491710,0,11.69,1.27,Standard
LN-100227,Patna Main,2021-08-16,Home,2833241,1332355,0,9.36,1.32,Standard
LN-100228,Bhagalpur,2019-02-08,Auto,516621,362582,0,11.08,1.2,Standard
LN-100229,Hajipur,2024-11-04,Personal,236177,115661,0,14.77,0.0,Standard
LN-100230,Danapur,2021-05-21,Personal,299868,141274,0,13.18,0.0,Standard
LN-100231,Kankarbagh,2023-07-07,Business,2930988,2018450,0,11.49,1.3,Standard
LN-100232,Kankarbagh,2024-03-13,Agri,617229,255330,0,7.63,1.09,Standard
LN-100233,Bhagalpur,2019-05-18,Home,1976703,716243,0,9.17,1.28,Standard
LN-100234,Patna Main,2020-06-20,Home,1973668,1811629,0,8.68,1.3,Standard
LN-100235,Boring Road,2024-02-21,Agri,496573,283931,18,8.73,1.0,SMA-0
LN-100236,Danapur,2022-07-29,Personal,112870,45597,0,14.28,0.0,Standard
LN-100237,Danapur,2020-10-16,Agri,631104,390657,0,8.98,0.96,Standard
LN-100238,Patna Main,2019-08-31,Home,962032,879971,0,9.67,1.57,Standard
LN-100239,Kankarbagh,2024-06-03,Home,2953080,2179408,0,8.64,1.21,Standard
LN-100240,Boring Road,2023-12-13,Home,1634463,865081,0,8.94,1.51,Standard
LN-100241,Kankarbagh,2020-11-21,Auto,708995,452897,0,11.83,1.08,Standard
LN-100242,Danapur,2019-05-28,Business,4425014,2066757,0,11.16,1.08,Standard
LN-100243,Boring Road,2024-01-06,Personal,245609,106559,0,14.85,0.0,Standard
LN-100244,Danapur,2022-10-23,Auto,322791,200582,0,10.96,1.04,Standard
LN-100245,Bhagalpur,2021-01-08,Personal,124851,98837,0,14.11,0.0,Standard
LN-100246,Hajipur,2020-09-29,Home,1426595,851776,0,8.67,1.2,Standard
LN-100247,Patna Main,2024-05-30,Home,2859432,1783459,0,9.26,1.24,Standard
LN-100248,Danapur,2020-05-03,Business,2271326,1933283,0,12.94,1.11,Standard
LN-100249,Gaya,2020-02-04,Auto,574226,519702,0,11.79,1.06,Standard
LN-100250,Muzaffarpur,2023-12-16,Home,2031130,1490617,0,9.02,1.53,Standard
LN-100251,Patna Main,2021-01-31,Auto,1127918,751139,0,11.82,1.05,Standard
LN-100252,Danapur,2021-08-01,Home,1557853,713618,0,9.2,1.49,Standard
LN-100253,Danapur,2020-07-15,Business,4656390,2119546,0,12.17,1.24,Standard
LN-100254,Muzaffarpur,2019-08-15,Home,1075546,711729,0,8.67,1.41,Standard
LN-100255,Muzaffarpur,2021-12-26,Business,4635727,2948177,55,11.07,1.11,SMA-1
LN-100256,Bhagalpur,2024-10-30,Personal,351423,123976,0,14.94,0.0,Standard
LN-100257,Gaya,2022-08-07,Home,2296184,1928614,0,9.15,1.52,Standard
LN-100258,Patna Main,2024-07-19,Business,2945628,2717139,0,12.06,1.18,Standard
LN-100259,Kankarbagh,2021-01-17,Personal,60846,24530,0,13.21,0.0,Standard
LN-100260,Bhagalpur,2019-03-14,Home,926137,432553,469,9.05,1.54,NPA
LN-100261,Patna Main,2021-01-03,Personal,103930,42231,0,13.55,0.0,Standard
LN-100262,Kankarbagh,2020-05-14,Auto,914362,473433,0,11.08,0.98,Standard
LN-100263,Patna Main,2023-06-13,Home,1752246,1215542,0,9.88,1.26,Standard
LN-100264,Patna Main,2019-05-29,Auto,740909,527286,0,11.55,1.07,Standard
LN-100265,Muzaffarpur,2025-04-30,Auto,552053,430224,0,11.63,1.2,Standard
LN-100266,Gaya,2022-12-18,Business,949236,415744,0,12.33,1.11,Standard
LN-100267,Patna Main,2023-11-09,Home,1257285,492301,0,8.45,1.27,Standard
LN-100268,Patna Main,2019-07-11,Auto,716338,653415,0,10.07,1.2,Standard
LN-100269,Patna Main,2025-01-30,Personal,189341,137098,0,14.24,0.0,Standard
LN-100270,Kankarbagh,2022-06-04,Home,2982317,1558302,2,8.24,1.34,SMA-0
LN-100271,Kankarbagh,2024-12-26,Personal,319368,127966,0,13.88,0.0,Standard
LN-100272,Danapur,2022-01-27,Personal,203930,142018,0,14.47,0.0,Standard
LN-100273,Danapur,2025-05-24,Personal,200558,143594,0,14.3,0.0,Standard
LN-100274,Hajipur,2024-05-11,Home,2338528,1587435,0,8.06,1.39,Standard
LN-100275,Muzaffarpur,2023-06-12,Auto,497975,288777,0,10.32,0.94,Standard
LN-100276,Danapur,2022-03-12,Agri,439688,283530,0,7.59,1.11,Standard
LN-100277,Patna Main,2022-11-26,Business,1830153,1305914,0,12.03,1.18,Standard
LN-100278,Kankarbagh,2021-07-11,Business,3470517,1442161,0,11.83,1.38,Standard
LN-100279,Boring Road,2022-02-07,Personal,123571,88944,0,14.48,0.0,Standard
LN-100280,Gaya,2020-06-05,Personal,448298,229174,0,14.74,0.0,Standard
LN-100281,Hajipur,2025-05-31,Home,1292611,1199085,0,9.75,1.25,Standard
LN-100282,Muzaffarpur,2022-03-25,Personal,248999,190630,0,13.59,0.0,Standard
LN-100283,Bhagalpur,2019-01-28,Auto,882328,651970,0,10.76,1.19,Standard
LN-100284,Danapur,2025-06-14,Auto,862953,377106,0,10.18,1.06,Standard
LN-100285,Danapur,2021-09-20,Agri,439599,314248,0,8.94,1.14,Standard
LN-100286,Gaya,2025-01-06,Business,589693,382358,29,12.03,1.3,SMA-0
LN-100287,Muzaffarpur,2019-06-16,Personal,409256,257237,0,13.91,0.0,Standard
LN-100288,Kankarbagh,2023-03-14,Home,1086340,444726,0,9.76,1.4,Standard
LN-100289,Boring Road,2022-11-07,Agri,610355,494630,0,7.34,1.06,Standard
LN-100290,Hajipur,2020-03-28,Auto,378734,249039,0,11.38,1.15,Standard
LN-100291,Danapur,2020-10-02,Business,4768797,2873354,0,12.01,1.21,Standard
LN-100292,Patna Main,2020-03-12,Home,1565082,1078296,0,9.38,1.34,Standard
LN-100293,Gaya,2019-01-17,Home,811656,620445,0,9.68,1.58,Standard
LN-100294,Kankarbagh,2021-12-25,Personal,400280,272971,25,14.15,0.0,SMA-0
LN-100295,Boring Road,2024-09-17,Auto,427403,282537,0,10.15,0.97,Standard
LN-100296,Muzaffarpur,2019-09-12,Agri,614249,440909,0,7.29,1.05,Standard
LN-100297,Boring Road,2020-02-12,Home,1955311,997142,0,8.7,1.55,Standard
LN-100298,Danapur,2019-06-29,Auto,704390,492789,13,10.5,1.08,SMA-0
LN-100299,Hajipur,2024-02-09,Home,1527842,1358741,0,9.92,1.32,Standard
LN-100300,Gaya,2021-06-25,Auto,370806,216505,0,11.75,1.07,Standard
LN-100301,Kankarbagh,2020-11-27,Auto,1131265,455311,0,10.02,1.05,Standard
LN-100302,Muzaffarpur,2024-12-26,Business,3822114,1601205,0,11.81,1.33,Standard
LN-100303,Danapur,2025-03-18,Home,1317112,1182499,0,8.93,1.29,Standard
LN-100304,Boring Road,2021-09-17,Auto,756735,630302,71,10.39,1.17,SMA-2
LN-100305,Kankarbagh,2021-09-10,Personal,462856,382765,57,13.74,0.0,SMA-1
LN-100306,Bhagalpur,2021-05-02,Home,2499331,2311986,0,9.01,1.31,Standard
LN-100307,Bhagalpur,2021-12-04,Home,2698728,2470017,0,9.18,1.44,Standard
LN-100308,Boring Road,2020-05-29,Auto,558212,366252,0,11.36,1.22,Standard
LN-100309,Kankarbagh,2019-04-28,Home,1934178,1564533,0,8.62,1.47,Standard
LN-100310,Boring Road,2021-08-06,Auto,390216,318292,0,10.14,1.04,Standard
LN-100311,Hajipur,2022-06-28,Agri,624671,290906,0,7.25,0.88,Standard
LN-100312,Kankarbagh,2024-03-17,Personal,198040,169645,0,14.87,0.0,Standard
LN-100313,Patna Main,2022-12-10,Home,2337555,1748880,0,9.32,1.57,Standard
LN-100314,Kankarbagh,2020-02-05,Personal,180244,106401,0,13.58,0.0,Standard
LN-100315,Gaya,2019-06-13,Home,1719357,643506,0,8.4,1.45,Standard
LN-100316,Danapur,2021-01-05,Auto,699236,476464,0,11.14,1.12,Standard
LN-100317,Muzaffarpur,2025-06-14,Personal,183540,138037,0,14.87,0.0,Standard
LN-100318,Boring Road,2019-07-13,Home,2000976,1750989,0,8.07,1.6,Standard
LN-100319,Gaya,2019-12-19,Auto,1114869,891577,0,12.0,1.07,Standard
LN-100320,Bhagalpur,2023-10-03,Personal,165763,66962,0,14.86,0.0,Standard
LN-100321,Patna Main,2024-01-29,Personal,437244,373115,0,14.35,0.0,Standard
LN-100322,Patna Main,2024-06-28,Home,2946984,2407540,0,9.9,1.51,Standard
LN-100323,Danapur,2021-08-24,Business,2691083,1206191,0,12.93,1.22,Standard
LN-100324,Bhagalpur,2022-06-26,Home,2256384,1062411,0,9.34,1.25,Standard
LN-100325,Kankarbagh,2022-12-10,Home,1813811,1653300,65,9.77,1.48,SMA-2
LN-100326,Kankarbagh,2025-02-23,Home,1809866,1518904,0,9.35,1.37,Standard
LN-100327,Hajipur,2021-04-25,Home,2734324,1623257,0,8.02,1.24,Standard
LN-100328,Boring Road,2022-06-19,Auto,345504,143853,7,10.32,1.08,SMA-0
LN-100329,Bhagalpur,2019-10-22,Auto,896834,404344,0,11.98,0.95,Standard
LN-100330,Bhagalpur,2025-04-27,Business,1204406,661261,0,12.91,1.12,Standard
LN-100331,Hajipur,2020-01-08,Auto,1121953,398272,0,11.31,1.15,Standard
LN-100332,Kankarbagh,2021-01-30,Home,916050,483481,35,8.2,1.59,SMA-1
LN-100333,Muzaffarpur,2021-01-25,Personal,212712,116142,0,13.64,0.0,Standard
LN-100334,Patna Main,2021-11-04,Auto,877906,748584,0,10.21,1.01,Standard
LN-100335,Kankarbagh,2024-07-17,Business,3882474,3560074,0,12.99,1.17,Standard
LN-100336,Boring Road,2023-07-03,Personal,378463,163867,66,14.96,0.0,SMA-2
LN-100337,Gaya,2019-01-12,Business,4521510,3543825,0,11.29,1.03,Standard
LN-100338,Patna Main,2022-10-19,Home,1031937,621974,0,9.33,1.22,Standard
LN-100339,Danapur,2025-04-26,Business,1879630,662600,0,11.94,1.26,Standard
LN-100340,Gaya,2020-09-24,Personal,320941,299367,0,14.92,0.0,Standard
LN-100341,Hajipur,2022-09-19,Personal,475275,372455,0,14.13,0.0,Standard
LN-100342,Patna Main,2022-05-10,Auto,686545,506955,0,11.7,1.22,Standard
LN-100343,Gaya,2025-06-29,Home,2676300,1172623,0,8.72,1.35,Standard
LN-100344,Danapur,2021-01-09,Home,2651231,1109678,0,9.1,1.6,Standard
LN-100345,Danapur,2021-10-27,Home,1863212,861780,0,9.11,1.49,Standard
LN-100346,Gaya,2025-05-10,Home,1274031,1140961,0,9.36,1.22,Standard
LN-100347,Boring Road,2020-04-14,Business,1626463,1106544,0,11.92,1.25,Standard
LN-100348,Bhagalpur,2025-04-25,Personal,335369,310558,0,14.55,0.0,Standard
LN-100349,Danapur,2019-06-20,Home,1041401,393997,0,8.92,1.2,Standard
LN-100350,Muzaffarpur,2021-04-05,Home,1368726,1208827,0,8.34,1.43,Standard
LN-100351,Hajipur,2019-02-17,Personal,228989,181277,0,13.25,0.0,Standard
LN-100352,Muzaffarpur,2024-06-25,Auto,1073061,605395,0,10.2,0.95,Standard
LN-100353,Hajipur,2021-09-20,Personal,471014,174505,0,13.71,0.0,Standard
LN-100354,Patna Main,2020-04-10,Personal,61158,42739,0,13.98,0.0,Standard
LN-100355,Gaya,2022-04-02,Home,1883899,1285851,0,9.67,1.56,Standard
LN-100356,Bhagalpur,2022-01-05,Personal,181209,138391,0,13.03,0.0,Standard
LN-100357,Patna Main,2019-05-10,Auto,458265,293465,0,10.15,1.2,Standard
LN-100358,Kankarbagh,2024-05-02,Personal,388001,227190,0,14.39,0.0,Standard
LN-100359,Danapur,2019-11-07,Auto,540343,387160,0,10.62,1.05,Standard
LN-100360,Bhagalpur,2024-03-30,Home,983106,827291,0,8.78,1.33,Standard
LN-100361,Bhagalpur,2021-07-17,Auto,306278,196037,0,11.75,0.94,Standard
LN-100362,Hajipur,2019-09-18,Personal,380759,221091,69,13.71,0.0,SMA-2
LN-100363,Boring Road,2019-05-20,Personal,356400,336908,0,14.74,0.0,Standard
LN-100364,Kankarbagh,2021-09-02,Business,1330409,690416,0,12.36,1.33,Standard
LN-100365,Gaya,2021-10-01,Auto,1100411,624584,0,10.67,1.05,Standard
LN-100366,Muzaffarpur,2024-05-26,Personal,402192,379288,0,14.79,0.0,Standard
LN-100367,Gaya,2024-01-31,Business,3429603,1622947,0,12.14,1.17,Standard
LN-100368,Muzaffarpur,2022-06-17,Auto,477124,208164,0,10.15,1.02,Standard
LN-100369,Muzaffarpur,2022-12-18,Home,1135678,604797,0,9.94,1.6,Standard
LN-100370,Muzaffarpur,2024-06-07,Personal,428119,167244,0,14.8,0.0,Standard
LN-100371,Patna Main,2022-01-02,Home,1880197,1513737,0,8.44,1.29,Standard
LN-100372,Danapur,2024-08-17,Auto,510079,265027,0,10.48,1.15,Standard
LN-100373,Kankarbagh,2025-06-15,Home,1341125,533211,0,8.01,1.33,Standard
LN-100374,Patna Main,2021-05-19,Home,862943,779870,0,9.3,1.33,Standard
LN-100375,Boring Road,2023-08-24,Auto,1011944,460134,0,11.25,1.2,Standard
LN-100376,Patna Main,2024-03-12,Auto,818373,482623,0,11.85,1.22,Standard
LN-100377,Boring Road,2020-10-03,Personal,214331,182386,84,13.04,0.0,SMA-2
LN-100378,Kankarbagh,2022-11-10,Home,1176933,667363,0,9.31,1.42,Standard
LN-100379,Patna Main,2024-05-10,Personal,223455,161157,0,14.55,0.0,Standard
LN-100380,Hajipur,2025-04-09,Auto,1110136,859045,0,10.26,1.03,Standard
LN-100381,Danapur,2023-01-24,Home,2795497,2335689,0,8.8,1.25,Standard
LN-100382,Kankarbagh,2025-02-03,Agri,129309,54741,0,7.52,1.0,Standard
LN-100383,Patna Main,2020-10-25,Personal,436713,377063,24,13.7,0.0,SMA-0
LN-100384,Gaya,2022-11-10,Personal,281503,182797,0,13.92,0.0,Standard
LN-100385,Gaya,2019-09-26,Auto,327758,258939,0,11.35,1.2,Standard
LN-100386,Danapur,2023-03-19,Auto,539197,321338,0,10.06,1.25,Standard
LN-100387,Hajipur,2022-08-28,Home,2619465,1473665,0,8.6,1.51,Standard
LN-100388,Hajipur,2024-05-09,Agri,327131,269719,0,8.91,1.11,Standard
LN-100389,Danapur,2024-06-11,Home,2058646,1130026,0,8.32,1.56,Standard
LN-100390,Danapur,2019-08-02,Personal,363310,173386,0,14.7,0.0,Standard
LN-100391,Gaya,2021-01-16,Personal,74216,64420,0,14.73,0.0,Standard
LN-100392,Patna Main,2020-09-14,Agri,412059,343250,0,7.27,1.14,Standard
LN-100393,Gaya,2020-11-22,Auto,827045,337872,0,10.18,1.09,Standard
LN-100394,Danapur,2019-05-15,Auto,997671,877123,0,11.58,1.13,Standard
LN-100395,Patna Main,2020-03-05,Personal,69856,42493,49,13.1,0.0,SMA-1
LN-100396,Gaya,2024-06-19,Business,1041541,439820,0,11.01,1.37,Standard
LN-100397,Bhagalpur,2020-04-05,Home,1420487,962114,0,9.91,1.41,Standard
LN-100398,Hajipur,2021-07-06,Home,1702351,1588705,0,9.41,1.5,Standard
LN-100399,Muzaffarpur,2024-09-14,Home,1928283,724872,0,8.53,1.21,Standard
LN-100400,Gaya,2025-02-25,Auto,343419,232282,0,11.96,1.04,Standard
LN-100401,Kankarbagh,2023-09-13,Business,2753102,1489316,0,11.77,1.16,Standard
LN-100402,Hajipur,2019-01-22,Auto,729887,648766,0,11.39,1.01,Standard
LN-100403,Patna Main,2019-12-22,Personal,176228,131828,0,14.82,0.0,Standard
LN-100404,Patna Main,2022-07-16,Home,2160518,1329703,0,8.95,1.38,Standard
LN-100405,Danapur,2023-04-06,Personal,296733,209308,0,14.65,0.0,Standard
LN-100406,Muzaffarpur,2024-11-25,Business,3677903,1428758,0,11.14,1.12,Standard
LN-100407,Bhagalpur,2021-12-10,Business,2372873,1920208,0,12.72,1.35,Standard
LN-100408,Muzaffarpur,2020-08-04,Auto,918126,443211,0,11.05,0.96,Standard
LN-100409,Bhagalpur,2020-09-16,Personal,476431,359329,0,13.36,0.0,Standard
LN-100410,Gaya,2023-04-11,Agri,783767,294662,0,7.25,0.96,Standard
LN-100411,Bhagalpur,2024-11-10,Home,1854791,1055125,0,9.32,1.41,Standard
LN-100412,Kankarbagh,2024-01-15,Home,2018445,1548166,0,9.52,1.46,Standard
LN-100413,Muzaffarpur,2021-08-31,Home,1347450,892573,0,9.6,1.45,Standard
LN-100414,Muzaffarpur,2025-02-08,Home,1642437,750688,19,8.51,1.31,SMA-0
LN-100415,Gaya,2019-12-30,Home,2637389,1929740,0,9.92,1.27,Standard
LN-100416,Hajipur,2023-03-19,Home,2358682,1840816,0,9.94,1.34,Standard
LN-100417,Kankarbagh,2023-04-28,Auto,936946,526012,0,11.85,1.22,Standard
LN-100418,Bhagalpur,2019-10-17,Home,2361774,1114468,0,8.76,1.22,Standard
LN-100419,Boring Road,2019-04-15,Personal,310361,228362,0,14.19,0.0,Standard
LN-100420,Boring Road,2024-04-23,Auto,784628,479935,0,10.88,0.99,Standard
LN-100421,Gaya,2021-08-09,Auto,836653,297603,0,11.08,1.18,Standard
LN-100422,Danapur,2024-02-27,Agri,408261,331319,0,8.7,0.89,Standard
LN-100423,Patna Main,2024-02-04,Personal,58112,27858,25,14.65,0.0,SMA-0
LN-100424,Kankarbagh,2023-09-08,Home,2207561,845202,0,10.0,1.54,Standard
LN-100425,Hajipur,2019-01-25,Business,1720747,798685,0,12.04,1.09,Standard
LN-100426,Gaya,2025-03-26,Home,2409456,2084967,0,9.36,1.36,Standard
LN-100427,Danapur,2025-01-19,Auto,560594,465956,0,10.26,1.02,Standard
LN-100428,Muzaffarpur,2020-08-01,Home,2367860,1761198,0,8.4,1.34,Standard
LN-100429,Gaya,2019-02-04,Agri,683141,538012,0,8.9,1.01,Standard
LN-100430,Danapur,2022-04-09,Business,796237,659008,0,12.6,1.09,Standard
LN-100431,Danapur,2021-04-15,Personal,288350,226840,0,13.12,0.0,Standard
LN-100432,Bhagalpur,2019-10-22,Auto,970326,419374,0,10.36,1.2,Standard
LN-100433,Hajipur,2021-06-23,Agri,688313,308691,0,8.6,1.05,Standard
LN-100434,Boring Road,2024-03-22,Personal,133338,87968,196,13.4,0.0,NPA
LN-100435,Bhagalpur,2021-11-21,Home,1011018,753540,0,9.37,1.49,Standard
LN-100436,Hajipur,2020-10-17,Home,1037668,446235,0,9.52,1.54,Standard
LN-100437,Muzaffarpur,2022-06-21,Business,3173698,2480609,0,12.1,1.35,Standard
LN-100438,Hajipur,2023-04-06,Home,1768115,653788,0,8.45,1.26,Standard
LN-100439,Gaya,2021-01-23,Personal,99068,43526,0,13.67,0.0,Standard
LN-100440,Boring Road,2021-05-12,Auto,340697,144209,0,10.58,1.26,Standard
LN-100441,Hajipur,2020-01-16,Auto,1086818,960351,0,11.73,1.0,Standard
LN-100442,Hajipur,2024-04-10,Personal,333491,157006,0,14.54,0.0,Standard
LN-100443,Muzaffarpur,2020-02-17,Business,2405710,1274830,0,11.39,1.37,Standard
LN-100444,Muzaffarpur,2024-01-16,Home,2058392,1131871,0,9.48,1.39,Standard
LN-100445,Boring Road,2024-02-07,Home,2050876,1608312,0,9.58,1.23,Standard
LN-100446,Gaya,2020-06-24,Personal,291904,119195,19,14.16,0.0,SMA-0
LN-100447,Boring Road,2023-01-12,Auto,692914,547780,0,10.66,0.99,Standard
LN-100448,Boring Road,2020-03-12,Business,4528604,2294954,0,11.31,1.34,Standard
LN-100449,Hajipur,2025-05-17,Home,1293177,643462,0,8.73,1.41,Standard
LN-100450,Danapur,2021-09-09,Home,2493318,2350758,0,9.78,1.5,Standard
LN-100451,Danapur,2025-05-25,Home,1025084,845314,0,8.17,1.28,Standard
LN-100452,Boring Road,2024-10-23,Home,1908026,1153214,0,8.17,1.24,Standard
LN-100453,Patna Main,2024-10-02,Personal,172640,140696,0,14.64,0.0,Standard
LN-100454,Muzaffarpur,2020-12-16,Home,2214718,829929,0,8.17,1.53,Standard
LN-100455,Danapur,2019-05-13,Business,2033468,1671433,301,11.3,1.05,NPA
LN-100456,Muzaffarpur,2021-06-18,Personal,137627,64993,5,14.42,0.0,SMA-0
LN-100457,Muzaffarpur,2024-07-30,Home,811942,517886,0,9.82,1.41,Standard
LN-100458,Boring Road,2023-02-06,Business,1025475,743565,0,12.3,1.3,Standard
LN-100459,Hajipur,2024-07-25,Agri,711086,660919,0,8.81,0.89,Standard
LN-100460,Gaya,2020-11-05,Personal,486447,368755,0,13.77,0.0,Standard
LN-100461,Boring Road,2024-12-17,Personal,318932,295510,0,13.14,0.0,Standard
LN-100462,Bhagalpur,2021-09-10,Business,2613966,2244050,0,12.12,1.09,Standard
LN-100463,Gaya,2022-11-04,Business,921131,755608,0,12.9,1.32,Standard
LN-100464,Patna Main,2023-10-14,Home,2224349,1985188,0,8.6,1.52,Standard
LN-100465,Hajipur,2023-08-10,Personal,107984,68595,0,13.91,0.0,Standard
LN-100466,Hajipur,2024-03-23,Auto,524035,307254,0,10.67,1.14,Standard
LN-100467,Boring Road,2025-01-13,Agri,296386,182342,0,7.43,1.09,Standard
LN-100468,Muzaffarpur,2022-01-16,Personal,246947,113710,0,14.92,0.0,Standard
LN-100469,Muzaffarpur,2023-06-04,Auto,535091,449215,0,11.91,1.04,Standard
LN-100470,Gaya,2020-10-26,Personal,368026,312224,0,14.05,0.0,Standard
LN-100471,Hajipur,2025-05-04,Home,1535457,763927,0,9.47,1.53,Standard
LN-100472,Kankarbagh,2023-03-23,Personal,339761,272449,0,14.86,0.0,Standard
LN-100473,Gaya,2022-04-26,Business,3989892,2034073,75,12.88,1.15,SMA-2
LN-100474,Patna Main,2023-01-29,Business,1000686,649315,0,11.11,1.27,Standard
LN-100475,Bhagalpur,2024-09-30,Business,1498698,927155,0,11.07,1.34,Standard
LN-100476,Gaya,2025-06-20,Auto,443647,193748,229,10.35,1.1,NPA
LN-100477,Patna Main,2025-02-07,Personal,197257,97651,0,13.84,0.0,Standard
LN-100478,Hajipur,2023-01-15,Agri,780314,451249,418,7.65,1.06,NPA
LN-100479,Danapur,2022-11-23,Business,4658751,3849044,0,12.03,1.34,Standard
LN-100480,Hajipur,2022-07-01,Business,1860209,1232031,0,12.94,1.35,Standard
LN-100481,Bhagalpur,2022-06-21,Business,3520818,1627630,0,11.39,1.34,Standard
LN-100482,Gaya,2023-01-21,Auto,759587,576476,0,11.59,1.07,Standard
LN-100483,Gaya,2024-01-19,Auto,417931,374159,0,11.27,1.1,Standard
LN-100484,Gaya,2025-04-07,Business,3140367,1985125,18,12.51,1.33,SMA-0
LN-100485,Boring Road,2022-03-27,Home,2321447,1363442,0,8.52,1.55,Standard
LN-100486,Muzaffarpur,2022-06-05,Business,846702,650991,0,11.53,1.15,Standard
LN-100487,Boring Road,2023-08-18,Home,1093045,445790,0,9.86,1.54,Standard
LN-100488,Gaya,2020-04-27,Home,1539952,1124697,0,9.68,1.52,Standard
LN-100489,Kankarbagh,2022-10-11,Business,3366761,2188013,0,12.42,1.15,Standard
LN-100490,Muzaffarpur,2022-03-28,Home,2986045,2706406,0,9.36,1.25,Standard
LN-100491,Gaya,2021-08-22,Agri,170033,146426,0,7.43,1.02,Standard
LN-100492,Kankarbagh,2020-06-26,Personal,461675,379997,0,13.44,0.0,Standard
LN-100493,Gaya,2019-05-18,Business,2502440,2224675,0,12.76,1.29,Standard
LN-100494,Hajipur,2019-10-03,Home,2412000,1242292,0,9.22,1.51,Standard
LN-100495,Boring Road,2023-01-13,Agri,424274,352685,89,7.24,0.86,SMA-2
LN-100496,Bhagalpur,2024-08-23,Agri,329000,203363,65,8.18,0.87,SMA-2
LN-100497,Muzaffarpur,2022-04-19,Personal,66916,42842,147,14.93,0.0,NPA
LN-100498,Hajipur,2021-05-05,Personal,170738,141043,0,14.68,0.0,Standard
LN-100499,Muzaffarpur,2024-08-29,Business,755773,342987,0,11.13,1.12,Standard
LN-100500,Danapur,2023-08-03,Personal,429863,282528,13,14.33,0.0,SMA-0
LN-100501,Hajipur,2022-09-11,Business,959065,888866,0,11.14,1.26,Standard
LN-100502,Danapur,2024-02-06,Auto,440239,410087,0,10.22,1.0,Standard
LN-100503,Danapur,2019-03-09,Home,1614567,1434459,0,9.58,1.37,Standard
LN-100504,Patna Main,2022-04-28,Personal,455440,312505,0,14.84,0.0,Standard
LN-100505,Hajipur,2025-01-11,Personal,427231,152867,44,14.12,0.0,SMA-1
LN-100506,Boring Road,2022-06-06,Personal,346420,327326,0,13.09,0.0,Standard
LN-100507,Muzaffarpur,2024-02-07,Home,2290071,841901,0,8.21,1.51,Standard
LN-100508,Bhagalpur,2022-10-14,Home,2776617,1109660,0,9.79,1.52,Standard
LN-100509,Hajipur,2023-05-12,Agri,214154,107236,0,8.31,0.91,Standard
LN-100510,Gaya,2024-10-26,Agri,302464,277416,0,7.32,0.98,Standard
LN-100511,Gaya,2021-05-26,Business,4163129,1489257,0,11.06,1.28,Standard
LN-100512,Boring Road,2025-06-04,Business,1221798,459335,0,12.72,1.21,Standard
LN-100513,Danapur,2021-04-22,Auto,886766,568166,0,11.81,0.94,Standard
LN-100514,Bhagalpur,2021-03-29,Auto,409070,358575,0,11.52,1.08,Standard
LN-100515,Bhagalpur,2021-09-09,Personal,427061,316513,43,14.38,0.0,SMA-1
LN-100516,Danapur,2023-04-13,Auto,448662,291084,0,11.6,0.96,Standard
LN-100517,Patna Main,2021-07-07,Business,541102,445236,0,11.49,1.25,Standard
LN-100518,Danapur,2019-07-19,Agri,309854,115526,0,8.55,0.97,Standard
LN-100519,Boring Road,2019-03-16,Home,2535347,1120744,0,9.52,1.39,Standard
LN-100520,Muzaffarpur,2020-10-28,Business,1310131,1092962,0,11.21,1.24,Standard
LN-100521,Boring Road,2019-05-02,Business,3701265,1300467,0,12.0,1.22,Standard
LN-100522,Hajipur,2019-08-11,Personal,361720,243256,0,13.91,0.0,Standard
LN-100523,Bhagalpur,2024-09-07,Personal,343548,125204,0,13.42,0.0,Standard
LN-100524,Boring Road,2020-03-28,Personal,435638,264619,0,14.09,0.0,Standard
LN-100525,Hajipur,2020-02-20,Auto,398598,196652,0,10.61,0.96,Standard
LN-100526,Patna Main,2022-10-03,Business,1740029,1210613,0,11.16,1.3,Standard
LN-100527,Danapur,2023-07-27,Home,1697086,1057919,0,9.83,1.58,Standard
LN-100528,Kankarbagh,2019-05-06,Personal,467622,364746,2,14.7,0.0,SMA-0
LN-100529,Kankarbagh,2023-12-15,Auto,357478,327324,0,10.51,1.02,Standard
LN-100530,Muzaffarpur,2024-04-22,Auto,665411,409712,36,10.55,1.19,SMA-1
LN-100531,Muzaffarpur,2025-02-06,Home,2529797,1402589,0,8.0,1.56,Standard
LN-100532,Patna Main,2024-12-19,Business,2503062,2069430,0,12.65,1.08,Standard
LN-100533,Kankarbagh,2020-05-14,Auto,957433,372014,0,10.42,1.25,Standard
LN-100534,Boring Road,2024-10-26,Home,1827421,1086406,0,9.3,1.48,Standard
LN-100535,Kankarbagh,2020-04-29,Home,857176,521877,0,9.22,1.61,Standard
LN-100536,Danapur,2023-05-21,Personal,137258,109479,0,13.68,0.0,Standard
LN-100537,Kankarbagh,2021-11-28,Agri,196220,93308,0,8.31,1.04,Standard
LN-100538,Patna Main,2019-10-02,Personal,414336,164394,0,13.15,0.0,Standard
LN-100539,Hajipur,2024-09-21,Home,1273380,941079,0,9.84,1.48,Standard
LN-100540,Boring Road,2020-12-10,Auto,404950,237653,0,11.72,1.08,Standard
LN-100541,Danapur,2021-07-15,Auto,638366,235186,0,11.61,0.97,Standard
LN-100542,Boring Road,2019-10-25,Personal,195568,167678,0,13.32,0.0,Standard
LN-100543,Kankarbagh,2019-07-07,Personal,357747,181674,0,13.96,0.0,Standard
LN-100544,Patna Main,2025-05-22,Business,980142,726615,0,11.13,1.23,Standard
LN-100545,Kankarbagh,2025-01-29,Home,1345552,757844,0,8.74,1.49,Standard
LN-100546,Danapur,2020-04-01,Personal,244239,162133,0,14.82,0.0,Standard
LN-100547,Gaya,2021-03-05,Home,2397077,882254,0,9.71,1.56,Standard
LN-100548,Muzaffarpur,2020-02-12,Home,2778831,985161,0,8.47,1.47,Standard
LN-100549,Boring Road,2025-03-24,Home,2638549,1097447,0,8.81,1.49,Standard
LN-100550,Boring Road,2019-09-06,Auto,482260,292007,0,10.53,0.97,Standard
LN-100551,Bhagalpur,2019-10-20,Auto,550693,376053,0,11.49,1.1,Standard
LN-100552,Patna Main,2023-11-04,Personal,499798,192892,0,13.48,0.0,Standard
LN-100553,Bhagalpur,2021-12-22,Home,2126541,850293,0,9.57,1.39,Standard
LN-100554,Muzaffarpur,2022-02-23,Home,2700080,1103682,0,8.14,1.47,Standard
LN-100555,Patna Main,2019-02-14,Personal,299023,136948,0,14.29,0.0,Standard
LN-100556,Kankarbagh,2024-08-05,Personal,66891,32807,0,14.3,0.0,Standard
LN-100557,Kankarbagh,2023-02-15,Home,2150595,1858953,0,9.4,1.47,Standard
LN-100558,Hajipur,2021-06-07,Home,2723021,1086975,0,8.88,1.55,Standard
LN-100559,Gaya,2021-03-27,Home,1603338,863262,0,8.05,1.58,Standard
LN-100560,Bhagalpur,2024-05-08,Home,2309614,1131389,0,9.35,1.35,Standard
LN-100561,Bhagalpur,2022-06-23,Home,1707565,1079633,0,8.54,1.61,Standard
LN-100562,Kankarbagh,2019-04-05,Agri,437414,328586,14,7.48,1.02,SMA-0
LN-100563,Gaya,2024-02-04,Business,1798648,907793,0,11.28,1.19,Standard
LN-100564,Kankarbagh,2020-07-15,Home,1305564,782837,0,9.16,1.61,Standard
LN-100565,Bhagalpur,2019-11-25,Business,977541,590148,0,12.58,1.23,Standard
LN-100566,Gaya,2022-01-06,Home,1735172,1603576,0,8.19,1.6,Standard
LN-100567,Kankarbagh,2022-04-01,Auto,1159412,417973,0,11.74,0.96,Standard
LN-100568,Bhagalpur,2024-10-01,Auto,855098,453343,0,10.49,1.13,Standard
LN-100569,Danapur,2024-11-07,Personal,357386,204331,0,13.87,0.0,Standard
LN-100570,Danapur,2021-11-13,Personal,182827,83902,0,13.82,0.0,Standard
LN-100571,Bhagalpur,2019-08-22,Agri,369942,145778,0,7.42,1.04,Standard
LN-100572,Muzaffarpur,2021-01-08,Auto,310077,171788,0,11.57,1.09,Standard
LN-100573,Kankarbagh,2025-01-31,Home,2606234,2430518,0,9.8,1.36,Standard
LN-100574,Danapur,2023-02-03,Home,2308600,1492751,0,9.28,1.24,Standard
LN-100575,Bhagalpur,2019-11-15,Business,1448726,1042488,13,12.88,1.19,SMA-0
LN-100576,Kankarbagh,2022-07-12,Personal,236479,190378,0,14.62,0.0,Standard
LN-100577,Boring Road,2023-02-23,Personal,404654,180703,0,14.92,0.0,Standard
LN-100578,Hajipur,2021-03-15,Business,2211454,1709314,0,12.3,1.15,Standard
LN-100579,Patna Main,2019-07-06,Home,1071501,921268,0,9.19,1.27,Standard
LN-100580,Boring Road,2019-01-20,Auto,887892,348081,0,11.39,1.21,Standard
LN-100581,Boring Road,2021-08-26,Home,1764563,1571110,0,8.16,1.2,Standard
LN-100582,Hajipur,2024-11-09,Home,1631898,899525,0,8.83,1.34,Standard
LN-100583,Boring Road,2021-12-17,Auto,571074,517583,0,10.13,0.99,Standard
LN-100584,Bhagalpur,2022-09-08,Home,1902894,1657165,0,8.28,1.33,Standard
LN-100585,Gaya,2023-09-28,Personal,343797,275300,0,13.59,0.0,Standard
LN-100586,Kankarbagh,2020-01-21,Home,2106020,1750517,0,8.38,1.22,Standard
LN-100587,Bhagalpur,2020-01-18,Personal,471533,395517,0,14.13,0.0,Standard
LN-100588,Hajipur,2024-02-17,Home,1608337,771154,0,9.0,1.29,Standard
LN-100589,Danapur,2019-04-07,Personal,223983,82547,0,14.03,0.0,Standard
LN-100590,Hajipur,2021-04-18,Home,2705222,2410608,0,8.26,1.6,Standard
LN-100591,Hajipur,2022-06-22,Home,2741666,2319984,0,8.11,1.36,Standard
LN-100592,Kankarbagh,2021-08-26,Personal,96733,52721,0,13.35,0.0,Standard
LN-100593,Muzaffarpur,2020-05-04,Personal,178540,83668,0,14.37,0.0,Standard
LN-100594,Gaya,2019-10-14,Auto,625865,258939,0,10.97,1.14,Standard
LN-100595,Gaya,2024-05-07,Home,2954008,1597954,0,9.54,1.58,Standard
LN-100596,Boring Road,2022-07-12,Auto,768550,603174,0,11.54,1.14,Standard
LN-100597,Bhagalpur,2025-04-02,Home,1968494,1702596,0,9.37,1.24,Standard
LN-100598,Boring Road,2022-10-27,Home,1087477,811602,0,8.29,1.37,Standard
LN-100599,Kankarbagh,2022-03-25,Personal,425323,161936,0,14.06,0.0,Standard
LN-100600,Kankarbagh,2023-07-23,Personal,215678,144313,0,13.48,0.0,Standard
LN-100601,Bhagalpur,2020-05-19,Auto,1146108,633591,0,11.94,1.23,Standard
LN-100602,Kankarbagh,2023-05-03,Home,1888710,1726030,0,9.21,1.39,Standard
LN-100603,Bhagalpur,2020-06-14,Home,2751326,1296203,0,8.21,1.5,Standard
LN-100604,Kankarbagh,2024-10-01,Business,3342486,1225338,0,12.95,1.19,Standard
LN-100605,Danapur,2022-10-31,Personal,214334,170791,0,14.32,0.0,Standard
LN-100606,Hajipur,2019-02-12,Home,800496,556293,0,9.21,1.52,Standard
LN-100607,Hajipur,2021-12-25,Business,3243585,1753721,0,11.75,1.36,Standard
LN-100608,Gaya,2019-02-21,Auto,696616,637860,0,11.51,1.24,Standard
LN-100609,Kankarbagh,2019-08-02,Business,2549944,1878101,0,12.51,1.38,Standard
LN-100610,Kankarbagh,2023-11-25,Business,2624139,1431589,0,11.48,1.32,Standard
LN-100611,Muzaffarpur,2020-12-08,Personal,401730,223831,0,14.76,0.0,Standard
LN-100612,Bhagalpur,2024-02-10,Home,1001330,856722,0,9.57,1.59,Standard
LN-100613,Muzaffarpur,2019-09-20,Business,2296222,1300904,0,12.77,1.06,Standard
LN-100614,Patna Main,2019-10-05,Agri,126815,49761,0,7.4,1.0,Standard
LN-100615,Bhagalpur,2023-03-29,Auto,721364,458780,0,10.64,1.04,Standard
LN-100616,Boring Road,2025-06-06,Auto,1179635,1031434,0,10.97,1.24,Standard
LN-100617,Boring Road,2025-02-01,Auto,997865,474038,0,11.31,1.05,Standard
LN-100618,Gaya,2020-06-20,Personal,291975,177935,0,15.0,0.0,Standard
LN-100619,Patna Main,2022-12-31,Home,2020517,1663535,0,8.44,1.23,Standard
LN-100620,Danapur,2019-11-12,Business,4136193,3028385,0,11.65,1.35,Standard
LN-100621,Patna Main,2025-02-17,Agri,640583,296006,0,8.34,1.08,Standard
LN-100622,Boring Road,2020-11-03,Home,2385425,1637971,0,9.74,1.27,Standard
LN-100623,Danapur,2024-08-19,Auto,358116,130373,0,11.02,1.22,Standard
LN-100624,Gaya,2023-12-01,Agri,687165,303675,0,7.27,1.09,Standard
LN-100625,Bhagalpur,2024-10-03,Personal,366750,220843,0,13.11,0.0,Standard
LN-100626,Danapur,2021-08-28,Business,3353851,1506743,0,12.03,1.21,Standard
LN-100627,Danapur,2020-03-25,Home,1533516,722590,0,8.55,1.5,Standard
LN-100628,Gaya,2019-10-13,Business,4785554,4170866,317,11.28,1.34,NPA
LN-100629,Danapur,2023-07-31,Auto,969735,655358,0,11.99,1.19,Standard
LN-100630,Danapur,2022-06-23,Home,2520201,1541326,0,8.89,1.26,Standard
LN-100631,Bhagalpur,2023-09-07,Home,2124519,1121067,0,9.54,1.39,Standard
LN-100632,Bhagalpur,2021-03-21,Personal,298023,188606,0,14.18,0.0,Standard
LN-100633,Gaya,2023-04-20,Home,1509635,847007,0,8.2,1.6,Standard
LN-100634,Kankarbagh,2023-05-25,Personal,225936,172710,0,13.93,0.0,Standard
LN-100635,Hajipur,2023-07-04,Business,553787,311607,335,11.31,1.36,NPA
LN-100636,Muzaffarpur,2020-08-18,Personal,441435,405936,0,14.36,0.0,Standard
LN-100637,Kankarbagh,2022-10-24,Auto,642486,485943,0,11.1,1.2,Standard
LN-100638,Bhagalpur,2019-04-20,Auto,491273,212029,0,10.88,1.14,Standard
LN-100639,Muzaffarpur,2024-12-18,Home,2987196,1672542,0,9.28,1.52,Standard
LN-100640,Hajipur,2025-05-04,Auto,648778,464415,0,10.03,1.19,Standard
LN-100641,Muzaffarpur,2025-01-16,Business,1063668,954944,0,11.58,1.02,Standard
LN-100642,Kankarbagh,2021-05-08,Auto,1023478,404717,0,10.29,0.95,Standard
LN-100643,Boring Road,2020-03-14,Home,1041543,440781,0,9.55,1.59,Standard
LN-100644,Kankarbagh,2020-01-17,Home,1609220,935690,54,9.19,1.45,SMA-1
LN-100645,Kankarbagh,2020-11-21,Agri,139946,50811,2,7.21,0.88,SMA-0
LN-100646,Gaya,2023-01-17,Home,2301218,2144124,0,8.65,1.24,Standard
LN-100647,Kankarbagh,2020-12-18,Auto,767828,717739,0,11.59,0.99,Standard
LN-100648,Patna Main,2023-12-06,Personal,393530,351529,52,13.9,0.0,SMA-1
LN-100649,Kankarbagh,2020-08-27,Business,3326801,2185086,0,11.99,1.33,Standard
LN-100650,Patna Main,2024-10-09,Personal,132116,46605,0,14.69,0.0,Standard
LN-100651,Bhagalpur,2023-08-02,Auto,1039842,719496,0,11.91,1.05,Standard
LN-100652,Danapur,2021-02-20,Agri,745080,660903,0,8.58,0.93,Standard
LN-100653,Hajipur,2022-07-27,Business,535921,408804,0,12.6,1.25,Standard
LN-100654,Boring Road,2022-01-31,Auto,901474,579869,0,10.98,1.22,Standard
LN-100655,Hajipur,2025-06-06,Business,889475,717478,0,12.17,1.17,Standard
LN-100656,Boring Road,2020-02-26,Auto,304581,248614,0,11.21,1.06,Standard
LN-100657,Boring Road,2024-01-13,Auto,1061660,423406,0,10.07,1.15,Standard
LN-100658,Danapur,2022-02-12,Business,3010793,2235785,0,12.84,1.3,Standard
LN-100659,Muzaffarpur,2022-02-11,Agri,652624,452304,0,7.8,0.99,Standard
LN-100660,Hajipur,2020-08-16,Agri,595738,225069,0,7.11,1.09,Standard
LN-100661,Gaya,2022-12-11,Agri,667224,608873,0,8.72,1.04,Standard
LN-100662,Bhagalpur,2019-05-21,Home,2923923,1166860,33,9.75,1.28,SMA-1
LN-100663,Boring Road,2021-01-29,Home,2020543,1838029,0,9.29,1.59,Standard
LN-100664,Danapur,2021-07-02,Business,2683361,1202888,0,11.5,1.19,Standard
LN-100665,Boring Road,2022-05-21,Agri,331898,314640,0,8.26,1.14,Standard
LN-100666,Bhagalpur,2023-09-02,Personal,498178,237803,0,14.61,0.0,Standard
LN-100667,Danapur,2024-05-23,Personal,440450,326615,0,14.85,0.0,Standard
LN-100668,Bhagalpur,2020-11-18,Home,1302209,772322,0,8.94,1.57,Standard
LN-100669,Boring Road,2022-09-07,Agri,690578,471265,0,7.74,0.9,Standard
LN-100670,Kankarbagh,2022-09-14,Agri,247155,128414,0,7.63,0.97,Standard
LN-100671,Muzaffarpur,2024-02-08,Home,1658041,1532131,0,8.96,1.45,Standard
LN-100672,Danapur,2020-12-17,Agri,307396,266678,0,7.6,0.96,Standard
LN-100673,Boring Road,2023-09-19,Agri,356078,249944,0,7.41,0.85,Standard
LN-100674,Hajipur,2020-03-28,Personal,111951,55119,0,14.85,0.0,Standard
LN-100675,Boring Road,2019-07-21,Agri,708823,248843,0,8.94,1.14,Standard
LN-100676,Kankarbagh,2022-12-04,Auto,896088,590616,0,10.03,1.23,Standard
LN-100677,Hajipur,2021-05-12,Home,1551786,751828,0,9.17,1.58,Standard
LN-100678,Boring Road,2019-04-21,Personal,219601,127477,0,14.19,0.0,Standard
LN-100679,Muzaffarpur,2023-10-19,Personal,272537,179504,69,14.74,0.0,SMA-2
LN-100680,Kankarbagh,2024-12-16,Home,914297,865061,0,8.74,1.46,Standard
LN-100681,Kankarbagh,2021-11-10,Auto,439877,391513,0,10.32,1.11,Standard
LN-100682,Bhagalpur,2025-06-10,Home,1323415,862445,0,8.83,1.23,Standard
LN-100683,Danapur,2020-07-29,Personal,57926,28483,0,14.85,0.0,Standard
LN-100684,Gaya,2024-05-09,Home,2299098,932399,0,8.67,1.44,Standard
LN-100685,Danapur,2019-07-20,Business,2364951,2236160,0,12.85,1.18,Standard
LN-100686,Boring Road,2022-09-20,Personal,144851,73277,0,13.68,0.0,Standard
LN-100687,Kankarbagh,2024-01-05,Home,2094030,1711635,0,8.34,1.29,Standard
LN-100688,Bhagalpur,2020-11-10,Auto,411320,249797,0,10.24,1.13,Standard
LN-100689,Muzaffarpur,2022-03-12,Business,1813525,1494543,0,11.1,1.2,Standard
LN-100690,Danapur,2020-11-19,Personal,442218,290265,0,14.34,0.0,Standard
LN-100691,Danapur,2024-03-28,Auto,993348,490812,0,11.32,0.94,Standard
LN-100692,Hajipur,2023-02-01,Home,2511074,1914599,0,9.32,1.33,Standard
LN-100693,Boring Road,2023-10-31,Auto,339742,259242,0,10.14,0.96,Standard
LN-100694,Bhagalpur,2024-08-19,Personal,187959,77050,0,13.51,0.0,Standard
LN-100695,Bhagalpur,2019-09-17,Home,2878738,1781156,0,8.25,1.58,Standard
LN-100696,Patna Main,2021-01-27,Home,2634294,2005824,0,9.58,1.43,Standard
LN-100697,Muzaffarpur,2022-01-03,Business,1128328,544529,2,11.81,1.15,SMA-0
LN-100698,Gaya,2019-01-15,Business,1857279,1138074,0,12.73,1.07,Standard
LN-100699,Boring Road,2020-04-24,Personal,131462,66573,0,14.62,0.0,Standard
LN-100700,Muzaffarpur,2022-06-07,Home,1726931,691679,12,9.69,1.61,SMA-0
LN-100701,Danapur,2025-05-06,Personal,343099,241177,0,13.62,0.0,Standard
LN-100702,Danapur,2025-04-09,Home,2215112,1246754,0,9.24,1.44,Standard
LN-100703,Patna Main,2021-01-29,Personal,117469,70630,0,14.06,0.0,Standard
LN-100704,Gaya,2021-10-16,Home,2670121,1763444,0,9.09,1.49,Standard
LN-100705,Muzaffarpur,2021-05-22,Home,933553,597050,0,9.42,1.5,Standard
LN-100706,Gaya,2021-04-29,Auto,390384,308411,0,11.31,1.21,Standard
LN-100707,Patna Main,2025-02-24,Personal,383046,137918,0,13.68,0.0,Standard
LN-100708,Danapur,2022-06-05,Auto,758714,504442,0,10.68,1.2,Standard
LN-100709,Danapur,2024-06-20,Auto,1054606,835528,0,10.54,0.97,Standard
LN-100710,Bhagalpur,2023-09-17,Auto,1046648,579144,0,10.58,1.22,Standard
LN-100711,Patna Main,2020-10-08,Home,1445561,664988,0,9.84,1.34,Standard
LN-100712,Muzaffarpur,2021-02-26,Business,3280800,1989260,2,12.02,1.07,SMA-0
LN-100713,Gaya,2021-11-11,Home,1939228,1141211,0,8.78,1.6,Standard
LN-100714,Patna Main,2022-08-08,Auto,311616,130393,0,11.25,1.04,Standard
LN-100715,Danapur,2021-08-07,Home,885473,614188,0,9.42,1.31,Standard
LN-100716,Boring Road,2025-06-11,Business,2519138,1767420,0,11.07,1.34,Standard
LN-100717,Danapur,2024-02-29,Auto,975699,394187,0,10.88,0.98,Standard
LN-100718,Gaya,2021-09-11,Agri,480854,452884,11,7.49,1.05,SMA-0
LN-100719,Hajipur,2025-03-03,Personal,247765,163974,0,13.54,0.0,Standard
LN-100720,Kankarbagh,2023-04-07,Business,4519394,1618710,0,12.56,1.19,Standard
LN-100721,Bhagalpur,2021-11-30,Business,3748373,3462388,0,12.88,1.29,Standard
LN-100722,Boring Road,2019-01-09,Business,3106075,1483165,0,11.37,1.04,Standard
LN-100723,Kankarbagh,2022-11-25,Home,2521097,1319980,0,8.2,1.41,Standard
LN-100724,Danapur,2021-05-08,Personal,109764,95134,0,14.76,0.0,Standard
LN-100725,Boring Road,2022-01-27,Auto,651775,446829,0,11.24,1.03,Standard
LN-100726,Muzaffarpur,2020-07-17,Personal,492162,361750,78,14.35,0.0,SMA-2
LN-100727,Patna Main,2023-01-18,Home,1476948,1364902,0,8.32,1.28,Standard
LN-100728,Danapur,2021-11-24,Personal,398541,225744,0,13.34,0.0,Standard
LN-100729,Patna Main,2019-08-27,Personal,136295,78365,0,13.75,0.0,Standard
LN-100730,Danapur,2024-07-28,Business,3190560,2410210,0,12.08,1.22,Standard
LN-100731,Kankarbagh,2024-08-17,Home,1531890,773955,0,9.32,1.25,Standard
LN-100732,Boring Road,2024-06-02,Business,2936148,1263739,0,11.27,1.28,Standard
LN-100733,Bhagalpur,2025-05-29,Auto,1011592,944954,0,11.49,1.21,Standard
LN-100734,Kankarbagh,2024-01-11,Auto,432409,245785,0,11.64,1.12,Standard
LN-100735,Kankarbagh,2024-09-28,Personal,105834,96346,79,13.54,0.0,SMA-2
LN-100736,Danapur,2019-04-06,Business,1986420,1826949,0,11.88,1.03,Standard
LN-100737,Muzaffarpur,2021-04-11,Business,4307753,3736796,0,12.21,1.13,Standard
LN-100738,Hajipur,2020-05-09,Home,2363302,929454,0,9.34,1.21,Standard
LN-100739,Hajipur,2023-12-09,Auto,1070163,933225,0,11.11,1.13,Standard
LN-100740,Bhagalpur,2020-01-10,Home,1047095,509512,0,9.22,1.59,Standard
LN-100741,Bhagalpur,2023-03-23,Business,1703807,1151236,0,12.66,1.3,Standard
LN-100742,Hajipur,2024-09-21,Agri,331163,263908,0,7.79,0.92,Standard
LN-100743,Bhagalpur,2024-03-05,Home,1711298,1410875,0,8.05,1.4,Standard
LN-100744,Gaya,2024-07-25,Business,3494237,1558324,0,11.31,1.28,Standard
LN-100745,Danapur,2024-09-06,Business,4065702,2574002,0,12.31,1.1,Standard
LN-100746,Gaya,2020-05-11,Home,1195740,668609,0,9.19,1.39,Standard
LN-100747,Kankarbagh,2022-05-24,Business,3148420,1105538,0,12.1,1.11,Standard
LN-100748,Hajipur,2020-11-27,Personal,378222,291387,0,14.34,0.0,Standard
LN-100749,Boring Road,2023-11-25,Home,2626021,1607144,0,8.31,1.27,Standard
LN-100750,Kankarbagh,2023-11-13,Home,1425402,1050001,0,8.2,1.35,Standard
LN-100751,Danapur,2025-01-11,Personal,490812,311679,0,13.88,0.0,Standard
LN-100752,Boring Road,2019-06-06,Personal,488733,229481,537,14.08,0.0,NPA
LN-100753,Muzaffarpur,2025-06-04,Home,2085143,1473560,0,8.74,1.26,Standard
LN-100754,Boring Road,2022-06-11,Auto,368406,163784,0,10.12,0.99,Standard
LN-100755,Hajipur,2021-11-13,Personal,76471,36209,0,14.67,0.0,Standard
LN-100756,Danapur,2024-03-05,Home,1564999,829565,0,9.58,1.28,Standard
LN-100757,Muzaffarpur,2020-04-13,Personal,109811,95318,0,14.5,0.0,Standard
LN-100758,Muzaffarpur,2021-05-06,Auto,814121,771362,0,11.51,1.05,Standard
LN-100759,Bhagalpur,2019-10-25,Auto,859418,461922,0,11.35,1.14,Standard
LN-100760,Gaya,2020-12-30,Personal,328320,208678,0,14.81,0.0,Standard
LN-100761,Danapur,2024-03-04,Business,2270806,1557376,0,12.99,1.36,Standard
LN-100762,Patna Main,2019-02-06,Personal,112075,68203,59,13.52,0.0,SMA-1
LN-100763,Gaya,2020-06-20,Auto,465475,294177,0,11.43,1.22,Standard
LN-100764,Gaya,2019-03-31,Personal,157257,117106,31,13.88,0.0,SMA-1
LN-100765,Hajipur,2019-07-18,Auto,926216,361902,0,10.09,1.16,Standard
LN-100766,Hajipur,2019-10-07,Home,1481070,1168090,0,8.05,1.61,Standard
LN-100767,Gaya,2024-08-15,Personal,243306,175108,0,14.79,0.0,Standard
LN-100768,Danapur,2023-04-19,Home,2746054,2554779,0,8.76,1.23,Standard
LN-100769,Hajipur,2023-05-30,Home,2814215,2390795,0,9.67,1.41,Standard
LN-100770,Kankarbagh,2021-04-11,Personal,391664,342456,0,13.88,0.0,Standard
LN-100771,Hajipur,2020-12-02,Business,2816684,2005412,0,12.79,1.17,Standard
LN-100772,Hajipur,2023-12-26,Home,869877,322129,0,9.82,1.47,Standard
LN-100773,Patna Main,2024-09-04,Auto,1099897,652293,146,11.62,1.17,NPA
LN-100774,Boring Road,2020-09-10,Auto,1137243,408819,0,11.63,1.1,Standard
LN-100775,Bhagalpur,2023-09-04,Personal,366863,158547,0,13.5,0.0,Standard
LN-100776,Gaya,2025-02-02,Home,996751,932830,0,8.61,1.59,Standard
LN-100777,Hajipur,2021-05-30,Home,1269207,492968,0,9.36,1.44,Standard
LN-100778,Boring Road,2022-01-30,Home,2633305,1394187,41,8.19,1.46,SMA-1
LN-100779,Hajipur,2024-09-14,Personal,228477,95723,0,14.44,0.0,Standard
LN-100780,Bhagalpur,2021-09-14,Auto,732266,481714,0,10.51,1.26,Standard
LN-100781,Patna Main,2020-06-08,Business,2211260,1500506,0,11.16,1.31,Standard
LN-100782,Kankarbagh,2021-03-05,Business,1971820,1506290,0,12.43,1.16,Standard
LN-100783,Patna Main,2024-12-05,Home,1238260,910374,0,9.79,1.48,Standard
LN-100784,Hajipur,2023-03-15,Agri,511117,309174,0,7.8,1.05,Standard
LN-100785,Muzaffarpur,2020-07-30,Personal,320224,187111,0,14.99,0.0,Standard
LN-100786,Kankarbagh,2019-11-08,Auto,1179863,896475,0,11.67,1.17,Standard
LN-100787,Muzaffarpur,2022-09-23,Business,2745336,1717276,0,12.97,1.13,Standard
LN-100788,Danapur,2020-11-28,Business,2043074,1535737,0,11.96,1.05,Standard
LN-100789,Muzaffarpur,2021-07-05,Business,4900795,3823726,0,12.94,1.37,Standard
LN-100790,Danapur,2019-02-19,Home,1144519,671711,0,8.76,1.59,Standard
LN-100791,Danapur,2021-07-24,Home,2373545,964501,0,8.05,1.36,Standard
LN-100792,Danapur,2021-10-05,Home,2559558,1669921,0,9.94,1.38,Standard
LN-100793,Bhagalpur,2019-03-28,Auto,333403,141618,0,11.1,1.14,Standard
LN-100794,Danapur,2022-11-17,Business,1795046,1126761,0,11.18,1.16,Standard
LN-100795,Muzaffarpur,2021-03-04,Agri,795875,564683,0,7.09,1.09,Standard
LN-100796,Hajipur,2021-12-01,Personal,315730,251381,23,14.87,0.0,SMA-0
LN-100797,Boring Road,2025-05-09,Business,4236661,2670180,0,12.38,1.13,Standard
LN-100798,Danapur,2020-06-06,Home,1275463,969622,0,8.99,1.28,Standard
LN-100799,Kankarbagh,2019-07-10,Auto,649499,400984,0,11.63,1.14,Standard
LN-100800,Gaya,2019-03-15,Home,2670754,1659952,0,9.01,1.56,Standard
LN-100801,Hajipur,2023-08-10,Home,1772998,1450068,0,9.26,1.29,Standard
LN-100802,Gaya,2022-08-16,Auto,360051,235192,0,10.41,0.95,Standard
LN-100803,Muzaffarpur,2024-06-29,Auto,312627,188742,527,11.67,1.17,NPA
LN-100804,Gaya,2021-12-07,Personal,354300,327800,0,14.24,0.0,Standard
LN-100805,Gaya,2020-02-23,Home,2375246,970941,0,9.6,1.4,Standard
LN-100806,Patna Main,2022-05-30,Personal,110710,69945,0,14.21,0.0,Standard
LN-100807,Danapur,2024-04-27,Auto,925190,834563,0,10.7,1.23,Standard
LN-100808,Danapur,2019-08-04,Auto,408526,329576,0,11.86,1.04,Standard
LN-100809,Bhagalpur,2023-10-30,Personal,346766,258659,0,14.77,0.0,Standard
LN-100810,Hajipur,2024-05-11,Personal,354238,256461,0,14.27,0.0,Standard
LN-100811,Muzaffarpur,2020-08-28,Personal,419597,314591,0,14.42,0.0,Standard
LN-100812,Hajipur,2020-11-05,Personal,451172,166272,0,13.48,0.0,Standard
LN-100813,Kankarbagh,2022-08-26,Auto,537412,419609,0,11.91,1.14,Standard
LN-100814,Kankarbagh,2023-04-29,Business,1347161,888610,0,12.61,1.36,Standard
LN-100815,Patna Main,2022-01-13,Home,2011717,726570,0,9.87,1.52,Standard
LN-100816,Boring Road,2019-09-21,Home,803968,545645,0,8.31,1.33,Standard
LN-100817,Bhagalpur,2020-05-13,Home,2073407,775984,0,9.01,1.55,Standard
LN-100818,Patna Main,2022-06-12,Home,1306418,1193731,0,8.11,1.29,Standard
LN-100819,Muzaffarpur,2024-11-06,Agri,370836,227254,85,8.96,1.1,SMA-2
LN-100820,Bhagalpur,2020-08-18,Home,1576536,1198322,0,8.55,1.55,Standard
LN-100821,Patna Main,2020-09-14,Home,1569477,1358736,0,9.35,1.29,Standard
LN-100822,Bhagalpur,2020-02-07,Home,2084573,1112748,0,9.61,1.5,Standard
LN-100823,Boring Road,2021-04-29,Personal,282118,129186,29,14.87,0.0,SMA-0
LN-100824,Gaya,2019-08-04,Home,2482888,1236752,0,9.25,1.56,Standard
LN-100825,Bhagalpur,2023-11-20,Home,2464646,1220574,0,9.06,1.49,Standard
LN-100826,Hajipur,2023-09-11,Personal,116699,45537,0,13.58,0.0,Standard
LN-100827,Boring Road,2024-05-22,Home,2631841,1367101,0,9.88,1.32,Standard
LN-100828,Boring Road,2024-07-18,Auto,894363,542478,0,10.46,1.02,Standard
LN-100829,Muzaffarpur,2023-04-16,Personal,386088,246599,31,13.75,0.0,SMA-1
LN-100830,Kankarbagh,2022-06-14,Home,1153512,860571,0,8.58,1.36,Standard
LN-100831,Kankarbagh,2024-05-11,Auto,790879,690147,0,10.35,1.14,Standard
LN-100832,Bhagalpur,2019-04-13,Home,2898334,1733225,0,8.75,1.31,Standard
LN-100833,Boring Road,2023-08-11,Business,2292185,830018,0,11.18,1.28,Standard
LN-100834,Bhagalpur,2023-03-03,Agri,332032,156611,0,8.27,1.02,Standard
LN-100835,Bhagalpur,2020-04-15,Auto,412650,220811,0,11.52,1.13,Standard
LN-100836,Gaya,2020-12-04,Agri,793272,476647,0,7.66,0.92,Standard
LN-100837,Danapur,2024-08-08,Auto,817553,304376,0,11.32,1.12,Standard
LN-100838,Hajipur,2021-06-01,Business,972353,796828,0,11.88,1.11,Standard
LN-100839,Gaya,2020-01-14,Personal,329397,247221,66,13.31,0.0,SMA-2
LN-100840,Muzaffarpur,2025-03-16,Personal,441778,172364,0,14.31,0.0,Standard
LN-100841,Hajipur,2023-07-09,Home,983903,536178,0,8.74,1.45,Standard
LN-100842,Muzaffarpur,2024-01-31,Agri,379963,174351,0,8.52,1.13,Standard
LN-100843,Hajipur,2022-05-28,Home,2447210,952177,0,9.06,1.6,Standard
LN-100844,Patna Main,2022-07-30,Personal,102512,59490,0,13.02,0.0,Standard
LN-100845,Bhagalpur,2022-05-20,Personal,275959,215604,0,13.46,0.0,Standard
LN-100846,Bhagalpur,2025-04-17,Personal,206581,150837,0,14.15,0.0,Standard
LN-100847,Gaya,2019-05-02,Business,3675893,3221467,385,12.26,1.23,NPA
LN-100848,Danapur,2025-03-04,Personal,311030,255183,0,13.98,0.0,Standard
LN-100849,Kankarbagh,2021-11-26,Home,1714830,1400121,0,9.27,1.31,Standard
LN-100850,Kankarbagh,2022-03-13,Auto,1068342,916248,0,11.46,1.11,Standard
LN-100851,Danapur,2022-04-30,Home,2103337,764484,0,9.16,1.34,Standard
LN-100852,Hajipur,2020-08-28,Home,1997084,1599128,0,8.5,1.59,Standard
LN-100853,Muzaffarpur,2022-03-06,Personal,191582,119356,0,13.51,0.0,Standard
LN-100854,Hajipur,2021-03-23,Agri,113774,55483,0,8.8,1.09,Standard
LN-100855,Muzaffarpur,2022-01-20,Home,2095865,1378507,0,8.23,1.25,Standard
LN-100856,Bhagalpur,2019-12-22,Auto,425364,257910,0,11.0,1.13,Standard
LN-100857,Hajipur,2022-11-08,Auto,842443,660837,0,11.12,1.07,Standard
LN-100858,Boring Road,2021-11-22,Auto,645584,320561,0,10.47,1.14,Standard
LN-100859,Bhagalpur,2024-07-17,Home,1835567,786440,68,8.75,1.34,SMA-2
LN-100860,Muzaffarpur,2021-02-07,Home,1767306,1660399,0,8.08,1.21,Standard
LN-100861,Boring Road,2020-12-15,Home,1293786,851148,0,9.03,1.59,Standard
LN-100862,Bhagalpur,2022-10-01,Home,2377129,1142161,0,8.68,1.39,Standard
LN-100863,Boring Road,2024-06-23,Auto,1110904,1032917,0,11.38,1.0,Standard
LN-100864,Boring Road,2022-10-12,Auto,1085758,878104,0,10.38,1.25,Standard
LN-100865,Boring Road,2023-08-09,Personal,386757,294245,0,14.5,0.0,Standard
LN-100866,Hajipur,2022-01-11,Home,2412489,1514392,0,9.63,1.53,Standard
LN-100867,Gaya,2022-11-11,Business,2073302,824160,0,11.38,1.26,Standard
LN-100868,Kankarbagh,2019-06-29,Personal,83300,33276,0,13.03,0.0,Standard
LN-100869,Patna Main,2021-11-02,Agri,559840,417862,0,7.82,0.93,Standard
LN-100870,Danapur,2021-05-09,Personal,326930,259537,7,13.29,0.0,SMA-0
LN-100871,Patna Main,2019-01-14,Business,2761891,1651581,0,12.01,1.18,Standard
LN-100872,Kankarbagh,2019-06-23,Agri,622609,532159,0,7.99,0.97,Standard
LN-100873,Gaya,2020-06-22,Auto,452254,267905,0,10.56,1.1,Standard
LN-100874,Kankarbagh,2025-05-23,Home,1283437,947803,0,9.98,1.23,Standard
LN-100875,Gaya,2021-07-24,Home,869583,425050,0,8.36,1.24,Standard
LN-100876,Hajipur,2021-05-14,Home,2803003,2459018,0,9.5,1.51,Standard
LN-100877,Kankarbagh,2024-04-10,Personal,125098,88469,0,13.08,0.0,Standard
LN-100878,Danapur,2020-04-29,Personal,159562,149471,0,13.88,0.0,Standard
LN-100879,Kankarbagh,2024-10-14,Home,2202086,1800685,0,9.84,1.43,Standard
LN-100880,Gaya,2025-06-23,Personal,393932,139579,0,14.15,0.0,Standard
LN-100881,Muzaffarpur,2021-09-10,Home,2586185,1009037,0,9.03,1.43,Standard
LN-100882,Muzaffarpur,2020-01-06,Home,1895690,1768930,0,9.44,1.38,Standard
LN-100883,Patna Main,2019-06-01,Auto,770706,325200,0,10.3,1.01,Standard
LN-100884,Danapur,2019-08-27,Home,1999225,1507698,0,9.67,1.57,Standard
LN-100885,Boring Road,2024-04-07,Home,1868801,1635050,0,8.47,1.38,Standard
LN-100886,Patna Main,2024-02-25,Business,3565424,2777834,53,11.85,1.35,SMA-1
LN-100887,Patna Main,2020-06-17,Home,2666803,1691000,0,8.84,1.23,Standard
LN-100888,Muzaffarpur,2021-06-09,Home,1310620,804340,0,8.18,1.43,Standard
LN-100889,Boring Road,2022-09-16,Personal,493062,385610,0,13.65,0.0,Standard
LN-100890,Muzaffarpur,2020-12-18,Personal,108083,98540,0,14.69,0.0,Standard
LN-100891,Kankarbagh,2022-06-07,Auto,637681,288665,0,11.8,1.11,Standard
LN-100892,Kankarbagh,2024-01-04,Personal,183516,139527,0,13.59,0.0,Standard
LN-100893,Bhagalpur,2021-02-26,Personal,161514,72560,0,13.26,0.0,Standard
LN-100894,Bhagalpur,2022-06-03,Home,2193538,1845156,0,9.96,1.36,Standard
LN-100895,Muzaffarpur,2021-10-23,Home,2331376,1411168,0,9.36,1.26,Standard
LN-100896,Bhagalpur,2023-01-12,Auto,584739,249752,0,11.03,1.26,Standard
LN-100897,Hajipur,2025-02-03,Personal,122028,67329,0,13.0,0.0,Standard
LN-100898,Danapur,2020-01-10,Personal,277086,256909,0,13.22,0.0,Standard
LN-100899,Muzaffarpur,2022-04-07,Home,2894500,1444772,0,9.35,1.54,Standard
LN-100900,Patna Main,2020-04-09,Personal,78531,69182,0,13.05,0.0,Standard
LN-100901,Bhagalpur,2021-09-18,Personal,326988,198749,88,14.96,0.0,SMA-2
LN-100902,Boring Road,2022-06-04,Business,3362511,2888897,0,11.8,1.11,Standard
LN-100903,Hajipur,2022-08-19,Business,2992083,2387281,0,12.22,1.12,Standard
LN-100904,Gaya,2025-06-10,Home,982000,568696,0,8.68,1.27,Standard
LN-100905,Kankarbagh,2024-10-15,Home,1490411,1380748,0,9.15,1.4,Standard
LN-100906,Gaya,2025-03-17,Business,1960446,1246479,47,12.79,1.36,SMA-1
LN-100907,Patna Main,2022-07-26,Auto,343983,138170,0,11.2,1.21,Standard
LN-100908,Kankarbagh,2020-03-20,Business,1580656,1330547,0,12.59,1.2,Standard
LN-100909,Kankarbagh,2020-12-20,Auto,462836,243978,0,10.89,0.98,Standard
LN-100910,Muzaffarpur,2025-03-11,Home,2070942,1410000,0,9.6,1.29,Standard
LN-100911,Boring Road,2020-01-23,Home,2183265,1362658,0,9.13,1.51,Standard
LN-100912,Patna Main,2023-07-28,Personal,129666,70437,0,14.08,0.0,Standard
LN-100913,Hajipur,2022-07-23,Home,2567880,2256200,0,9.39,1.21,Standard
LN-100914,Patna Main,2024-02-15,Auto,659980,596872,0,10.68,1.09,Standard
LN-100915,Gaya,2019-08-16,Auto,838177,451560,0,11.37,1.05,Standard
LN-100916,Boring Road,2022-01-26,Auto,880815,499866,0,11.6,0.98,Standard
LN-100917,Hajipur,2023-10-30,Auto,388819,289331,0,11.11,0.95,Standard
LN-100918,Danapur,2020-06-30,Personal,265092,178428,0,13.21,0.0,Standard
LN-100919,Patna Main,2019-01-05,Home,2654274,2213726,0,8.45,1.58,Standard
LN-100920,Kankarbagh,2024-12-16,Personal,445355,196667,0,13.31,0.0,Standard
LN-100921,Hajipur,2024-05-15,Personal,447999,263774,0,13.01,0.0,Standard
LN-100922,Patna Main,2024-06-16,Business,2446653,1302887,0,11.73,1.35,Standard
LN-100923,Patna Main,2024-12-07,Business,4280271,3037762,0,12.42,1.14,Standard
LN-100924,Gaya,2019-02-06,Agri,613172,417055,0,7.75,0.95,Standard
LN-100925,Gaya,2024-04-05,Agri,780132,701648,0,7.64,0.87,Standard
LN-100926,Bhagalpur,2025-01-16,Home,2677439,1651539,0,9.16,1.54,Standard
LN-100927,Gaya,2021-06-09,Personal,332795,311261,0,13.15,0.0,Standard
LN-100928,Danapur,2021-05-04,Home,2249441,1519171,0,8.48,1.59,Standard
LN-100929,Gaya,2024-12-03,Auto,720806,276716,0,11.19,1.07,Standard
LN-100930,Boring Road,2022-03-17,Home,1512532,950360,0,8.93,1.36,Standard
LN-100931,Bhagalpur,2019-04-24,Personal,147577,96537,0,14.74,0.0,Standard
LN-100932,Muzaffarpur,2020-03-31,Home,2348611,2209501,0,9.83,1.33,Standard
LN-100933,Muzaffarpur,2022-10-16,Auto,1088064,931719,0,11.63,1.04,Standard
LN-100934,Muzaffarpur,2019-09-16,Home,897030,758319,0,9.97,1.38,Standard
LN-100935,Patna Main,2022-09-18,Agri,208932,140177,14,7.15,0.93,SMA-0
LN-100936,Gaya,2025-06-23,Personal,415022,235052,0,14.75,0.0,Standard
LN-100937,Muzaffarpur,2022-04-24,Home,877113,319893,0,8.1,1.3,Standard
LN-100938,Hajipur,2019-10-20,Home,2723594,2456859,0,8.7,1.41,Standard
LN-100939,Danapur,2024-02-23,Home,1127110,924549,0,9.94,1.38,Standard
LN-100940,Bhagalpur,2022-10-25,Agri,658395,600001,0,8.34,1.14,Standard
LN-100941,Patna Main,2021-03-26,Business,3930153,2729118,0,12.09,1.05,Standard
LN-100942,Gaya,2023-12-05,Business,981775,886738,0,11.82,1.14,Standard
LN-100943,Kankarbagh,2025-02-09,Personal,274935,208766,0,13.26,0.0,Standard
LN-100944,Patna Main,2020-12-15,Auto,921206,809702,0,11.2,1.17,Standard
LN-100945,Boring Road,2024-01-22,Auto,319424,224485,8,11.28,1.0,SMA-0
LN-100946,Muzaffarpur,2020-04-08,Home,1765599,1083224,0,9.99,1.33,Standard
LN-100947,Kankarbagh,2023-04-08,Agri,521838,231958,0,8.07,1.09,Standard
LN-100948,Boring Road,2020-03-06,Personal,100714,90732,0,14.49,0.0,Standard
LN-100949,Bhagalpur,2023-08-16,Personal,244176,97762,0,14.95,0.0,Standard
LN-100950,Hajipur,2021-02-01,Auto,443481,267859,0,11.1,1.24,Standard
LN-100951,Gaya,2021-08-27,Business,1840183,889991,0,12.01,1.11,Standard
LN-100952,Muzaffarpur,2021-04-12,Auto,865064,752563,0,10.13,1.01,Standard
LN-100953,Boring Road,2024-04-03,Auto,799633,501673,0,11.16,0.94,Standard
LN-100954,Gaya,2022-11-10,Personal,148525,63244,51,13.65,0.0,SMA-1
LN-100955,Muzaffarpur,2019-01-17,Home,1608240,816671,0,9.49,1.59,Standard
LN-100956,Gaya,2020-03-22,Business,985869,763420,20,12.95,1.03,SMA-0
LN-100957,Bhagalpur,2019-03-09,Business,4177567,3563858,0,11.28,1.35,Standard
LN-100958,Hajipur,2024-12-19,Home,2747867,1402126,0,8.68,1.39,Standard
LN-100959,Patna Main,2023-12-15,Auto,370894,145965,0,11.05,1.2,Standard
LN-100960,Gaya,2020-05-09,Business,4522877,3725146,0,11.19,1.12,Standard
LN-100961,Muzaffarpur,2021-06-26,Business,4829701,2837146,0,12.22,1.06,Standard
LN-100962,Kankarbagh,2025-05-15,Personal,322127,261787,0,14.97,0.0,Standard
LN-100963,Patna Main,2022-10-30,Business,566800,257632,68,11.69,1.16,SMA-2
LN-100964,Patna Main,2022-05-30,Personal,312336,202292,0,14.53,0.0,Standard
LN-100965,Muzaffarpur,2021-08-09,Auto,733518,454978,0,11.47,1.04,Standard
LN-100966,Boring Road,2020-01-09,Personal,263975,153352,0,13.21,0.0,Standard
LN-100967,Danapur,2019-05-12,Personal,304964,233689,84,13.07,0.0,SMA-2
LN-100968,Kankarbagh,2021-09-06,Home,1753917,1056732,0,9.28,1.3,Standard
LN-100969,Bhagalpur,2021-12-18,Auto,779469,353286,0,10.12,1.25,Standard
LN-100970,Muzaffarpur,2025-06-23,Auto,866314,459965,0,11.3,1.15,Standard
LN-100971,Danapur,2020-04-03,Personal,334257,142399,0,14.47,0.0,Standard
LN-100972,Gaya,2023-02-06,Personal,493181,333057,31,14.64,0.0,SMA-1
LN-100973,Hajipur,2022-08-21,Auto,1153986,572673,0,10.72,0.98,Standard
LN-100974,Danapur,2024-07-11,Auto,320084,171302,0,10.16,1.15,Standard
LN-100975,Bhagalpur,2020-07-10,Auto,988837,832570,0,11.12,0.98,Standard
LN-100976,Gaya,2021-02-16,Home,2139473,1443573,0,9.06,1.45,Standard
LN-100977,Boring Road,2022-05-02,Personal,152601,132595,0,14.77,0.0,Standard
LN-100978,Danapur,2023-04-12,Home,2663624,1252392,0,8.52,1.31,Standard
LN-100979,Boring Road,2023-08-11,Personal,403032,202262,0,13.85,0.0,Standard
LN-100980,Danapur,2020-08-04,Personal,135342,101121,21,13.99,0.0,SMA-0
LN-100981,Muzaffarpur,2019-11-12,Agri,316862,138841,0,8.31,0.99,Standard
LN-100982,Boring Road,2019-03-15,Home,1718714,1559783,0,9.15,1.2,Standard
LN-100983,Muzaffarpur,2023-09-21,Agri,184270,105395,0,7.75,1.01,Standard
LN-100984,Patna Main,2020-10-26,Personal,346351,233490,0,14.94,0.0,Standard
LN-100985,Bhagalpur,2021-08-05,Business,2315527,1363764,0,11.44,1.18,Standard
LN-100986,Hajipur,2022-01-04,Personal,306543,183243,0,14.98,0.0,Standard
LN-100987,Muzaffarpur,2019-06-26,Agri,376696,327057,0,8.0,0.98,Standard
LN-100988,Bhagalpur,2020-03-07,Personal,135878,72690,0,13.97,0.0,Standard
LN-100989,Muzaffarpur,2024-05-12,Home,1520094,1417029,0,8.78,1.4,Standard
LN-100990,Muzaffarpur,2023-02-10,Home,877207,352308,0,9.56,1.31,Standard
LN-100991,Danapur,2019-01-22,Auto,732129,605885,0,11.81,0.98,Standard
LN-100992,Patna Main,2023-12-05,Home,2187645,2033225,0,9.28,1.44,Standard
LN-100993,Boring Road,2020-08-08,Personal,484238,369979,0,14.8,0.0,Standard
LN-100994,Hajipur,2024-08-29,Auto,736726,383230,0,11.03,1.06,Standard
LN-100995,Danapur,2025-02-21,Home,2832123,1818683,0,8.94,1.24,Standard
LN-100996,Boring Road,2021-11-13,Business,3975711,3037489,0,12.53,1.31,Standard
LN-100997,Kankarbagh,2024-05-11,Home,2864461,1813217,0,9.82,1.34,Standard
LN-100998,Kankarbagh,2024-07-30,Home,1487969,700627,0,8.45,1.55,Standard
LN-100999,Hajipur,2021-08-18,Home,825559,419439,0,9.72,1.4,Standard
LN-101000,Kankarbagh,2020-11-05,Agri,723491,361821,0,8.23,1.12,Standard
LN-101001,Muzaffarpur,2021-05-08,Agri,582575,207224,0,7.62,1.07,Standard
LN-101002,Hajipur,2019-10-10,Business,932518,877448,0,11.9,1.1,Standard
LN-101003,Bhagalpur,2021-06-06,Home,1275733,833944,0,8.33,1.56,Standard
LN-101004,Gaya,2021-02-01,Auto,639580,525364,0,10.02,0.99,Standard
LN-101005,Danapur,2020-03-04,Personal,99803,44528,30,13.47,0.0,SMA-0
LN-101006,Kankarbagh,2019-05-21,Auto,984325,554056,47,11.08,1.21,SMA-1
LN-101007,Boring Road,2022-09-03,Home,2670935,1085057,0,8.8,1.48,Standard
LN-101008,Muzaffarpur,2019-07-12,Auto,546795,400223,0,10.25,1.25,Standard
LN-101009,Danapur,2024-06-25,Business,4465303,2214798,0,12.38,1.06,Standard
LN-101010,Boring Road,2019-02-12,Home,1362541,1178146,0,9.95,1.59,Standard
LN-101011,Danapur,2020-01-20,Home,1908174,1717785,0,9.12,1.52,Standard
LN-101012,Patna Main,2023-09-22,Personal,53087,24807,0,13.23,0.0,Standard
LN-101013,Gaya,2021-10-24,Home,1008097,417456,0,9.09,1.5,Standard
LN-101014,Patna Main,2025-05-05,Auto,334053,164747,0,10.74,1.08,Standard
LN-101015,Muzaffarpur,2023-09-29,Auto,905442,644216,0,11.17,0.99,Standard
LN-101016,Bhagalpur,2024-08-03,Home,1430752,958959,41,9.82,1.53,SMA-1
LN-101017,Gaya,2024-12-21,Home,1279953,839688,0,9.53,1.55,Standard
LN-101018,Muzaffarpur,2022-05-18,Auto,672806,290599,0,10.5,1.23,Standard
LN-101019,Hajipur,2023-12-14,Home,903804,499036,244,8.32,1.3,NPA
LN-101020,Hajipur,2020-02-27,Auto,1125044,704341,0,11.72,0.97,Standard
LN-101021,Gaya,2025-03-20,Auto,977841,884519,0,10.94,1.17,Standard
LN-101022,Muzaffarpur,2022-08-10,Personal,197486,115703,16,14.92,0.0,SMA-0
LN-101023,Boring Road,2021-10-20,Home,881619,560190,0,8.78,1.51,Standard
LN-101024,Gaya,2024-08-11,Auto,699478,518634,0,10.9,0.95,Standard
LN-101025,Boring Road,2020-11-04,Business,1731098,698454,29,11.54,1.09,SMA-0
LN-101026,Boring Road,2023-01-10,Agri,532097,232167,0,8.87,0.85,Standard
LN-101027,Muzaffarpur,2025-06-17,Business,4194752,1732865,0,12.83,1.14,Standard
LN-101028,Boring Road,2021-06-04,Business,887560,763215,0,11.15,1.35,Standard
LN-101029,Kankarbagh,2019-11-29,Business,3676174,2371908,0,12.58,1.14,Standard
LN-101030,Bhagalpur,2022-05-10,Business,1700232,928116,0,12.13,1.28,Standard
LN-101031,Muzaffarpur,2020-10-08,Agri,422048,205563,0,8.32,0.94,Standard
LN-101032,Boring Road,2022-06-05,Home,1938687,747615,0,8.97,1.23,Standard
LN-101033,Kankarbagh,2021-05-01,Business,3190390,1936775,80,11.15,1.21,SMA-2
LN-101034,Bhagalpur,2025-05-16,Auto,995233,856848,0,10.98,1.2,Standard
LN-101035,Boring Road,2023-04-17,Auto,879028,664023,0,11.31,0.95,Standard
LN-101036,Hajipur,2020-10-10,Home,1815793,1512255,0,8.59,1.44,Standard
LN-101037,Hajipur,2023-01-21,Business,2370881,1414020,0,11.98,1.22,Standard
LN-101038,Bhagalpur,2019-09-10,Personal,285555,125004,52,14.34,0.0,SMA-1
LN-101039,Danapur,2022-10-23,Business,1011532,923010,0,11.21,1.12,Standard
LN-101040,Muzaffarpur,2024-03-14,Auto,378161,160072,0,11.91,1.19,Standard
LN-101041,Danapur,2021-09-29,Business,941824,669280,0,11.78,1.04,Standard
LN-101042,Muzaffarpur,2023-02-03,Auto,938062,771505,0,10.42,1.23,Standard
LN-101043,Patna Main,2023-01-30,Business,1123232,520116,0,11.39,1.2,Standard
LN-101044,Kankarbagh,2024-10-24,Personal,82261,54153,0,13.26,0.0,Standard
LN-101045,Bhagalpur,2022-12-19,Business,3602186,2969490,0,12.65,1.28,Standard
LN-101046,Danapur,2024-05-25,Business,1996515,781469,0,11.58,1.33,Standard
LN-101047,Gaya,2020-12-18,Agri,162005,64209,54,7.73,0.96,SMA-1
LN-101048,Hajipur,2024-02-28,Home,1683422,1033544,0,9.31,1.53,Standard
LN-101049,Gaya,2019-12-16,Personal,123983,82789,0,13.86,0.0,Standard
LN-101050,Hajipur,2025-03-02,Home,1376770,1063884,0,9.0,1.25,Standard
LN-101051,Hajipur,2023-07-07,Home,2742033,1647902,0,8.12,1.53,Standard
LN-101052,Patna Main,2022-11-23,Personal,418961,195244,42,13.69,0.0,SMA-1
LN-101053,Boring Road,2023-11-09,Business,2022380,1072011,0,11.56,1.1,Standard
LN-101054,Bhagalpur,2021-07-05,Personal,265808,145704,0,14.17,0.0,Standard
LN-101055,Bhagalpur,2019-12-18,Auto,945886,574576,0,10.29,1.03,Standard
LN-101056,Danapur,2021-08-15,Home,1569251,1258974,0,9.6,1.57,Standard
LN-101057,Boring Road,2025-06-27,Business,4385521,3329828,0,12.62,1.29,Standard
LN-101058,Bhagalpur,2025-02-05,Personal,274744,222352,0,14.48,0.0,Standard
LN-101059,Boring Road,2019-10-31,Business,4489760,2577452,0,12.73,1.05,Standard
LN-101060,Kankarbagh,2019-03-27,Auto,690105,651796,0,10.13,1.0,Standard
LN-101061,Gaya,2024-02-11,Business,2494674,2313761,0,11.05,1.36,Standard
LN-101062,Gaya,2022-07-08,Home,2371841,1706487,0,9.16,1.37,Standard
LN-101063,Hajipur,2023-10-22,Personal,308620,130587,0,14.65,0.0,Standard
LN-101064,Muzaffarpur,2020-09-30,Personal,71854,34160,0,13.11,0.0,Standard
LN-101065,Hajipur,2023-03-23,Home,2993659,2218942,0,8.39,1.27,Standard
LN-101066,Bhagalpur,2019-12-03,Home,1709916,631390,0,8.72,1.6,Standard
LN-101067,Patna Main,2025-03-31,Personal,217797,127345,0,13.84,0.0,Standard
LN-101068,Patna Main,2022-11-22,Personal,72716,56401,0,13.57,0.0,Standard
LN-101069,Kankarbagh,2021-03-31,Home,2387238,912862,0,9.47,1.42,Standard
LN-101070,Gaya,2020-04-06,Home,2919154,1411666,6,9.04,1.61,SMA-0
LN-101071,Bhagalpur,2021-05-26,Home,2850222,2676905,0,8.17,1.54,Standard
LN-101072,Kankarbagh,2019-06-24,Home,1115126,700635,0,8.78,1.48,Standard
LN-101073,Patna Main,2022-04-24,Auto,386778,355945,0,10.79,1.09,Standard
LN-101074,Muzaffarpur,2020-04-25,Business,2499167,2236084,0,12.06,1.36,Standard
LN-101075,Hajipur,2024-02-05,Home,2837449,2358688,0,9.59,1.58,Standard
LN-101076,Danapur,2019-02-24,Personal,332898,159752,0,13.93,0.0,Standard
LN-101077,Muzaffarpur,2021-07-10,Home,1334923,1173767,0,9.51,1.23,Standard
LN-101078,Boring Road,2023-01-14,Personal,265162,96904,0,14.08,0.0,Standard
LN-101079,Boring Road,2023-12-19,Auto,731817,568684,0,11.09,1.24,Standard
LN-101080,Bhagalpur,2021-01-21,Auto,402398,268090,0,11.61,1.05,Standard
LN-101081,Danapur,2024-10-07,Auto,1199983,568937,0,10.9,1.26,Standard
LN-101082,Gaya,2021-07-04,Auto,821946,494628,0,11.41,1.22,Standard
LN-101083,Hajipur,2021-05-26,Auto,994324,808120,0,11.57,1.25,Standard
LN-101084,Boring Road,2021-04-21,Home,1496229,581078,0,9.03,1.34,Standard
LN-101085,Bhagalpur,2022-06-08,Home,1939240,1055723,0,9.12,1.27,Standard
LN-101086,Kankarbagh,2025-02-24,Business,1427669,1012684,51,12.82,1.18,SMA-1
LN-101087,Boring Road,2020-09-09,Personal,145946,58542,0,14.06,0.0,Standard
LN-101088,Hajipur,2019-03-28,Home,2760407,1812450,0,8.14,1.51,Standard
LN-101089,Kankarbagh,2020-09-14,Business,2714354,1814008,0,11.02,1.08,Standard
LN-101090,Patna Main,2025-04-13,Personal,428792,244432,0,14.61,0.0,Standard
LN-101091,Boring Road,2021-12-16,Home,1108275,516607,66,8.43,1.19,SMA-2
LN-101092,Boring Road,2020-04-01,Auto,829893,462790,0,10.34,1.1,Standard
LN-101093,Boring Road,2020-11-27,Agri,346314,230690,0,7.44,0.92,Standard
LN-101094,Muzaffarpur,2025-06-05,Home,901622,730844,0,8.17,1.58,Standard
LN-101095,Hajipur,2023-07-22,Business,4758848,4479316,0,11.28,1.23,Standard
LN-101096,Boring Road,2025-02-11,Auto,1088522,478523,0,10.66,1.02,Standard
LN-101097,Hajipur,2024-09-20,Auto,800003,651425,0,10.98,0.99,Standard
LN-101098,Hajipur,2019-01-16,Home,2755458,1565494,0,8.53,1.5,Standard
LN-101099,Hajipur,2024-04-09,Business,1444277,1338097,0,12.02,1.26,Standard
LN-101100,Gaya,2020-03-31,Personal,283766,151138,157,14.76,0.0,NPA
LN-101101,Muzaffarpur,2021-03-09,Home,1872094,1555926,0,9.15,1.39,Standard
LN-101102,Danapur,2024-10-21,Personal,401528,289401,0,14.9,0.0,Standard
LN-101103,Kankarbagh,2019-11-13,Auto,465959,358060,0,11.33,1.1,Standard
LN-101104,Boring Road,2022-12-04,Home,2660893,1628794,0,8.57,1.39,Standard
LN-101105,Gaya,2020-06-06,Auto,457296,272907,499,10.74,1.02,NPA
LN-101106,Hajipur,2019-12-25,Auto,870979,310453,0,10.83,0.94,Standard
LN-101107,Muzaffarpur,2021-02-24,Home,1847321,1357289,0,9.67,1.51,Standard
LN-101108,Muzaffarpur,2022-10-24,Agri,143617,100321,0,8.61,0.92,Standard
LN-101109,Patna Main,2024-04-29,Auto,485869,240237,0,10.23,0.96,Standard
LN-101110,Patna Main,2022-07-16,Personal,189541,80979,0,14.23,0.0,Standard
LN-101111,Muzaffarpur,2022-06-23,Auto,931709,860155,0,11.94,1.15,Standard
LN-101112,Boring Road,2024-09-04,Business,1506814,1422712,0,11.58,1.37,Standard
LN-101113,Hajipur,2019-09-14,Auto,1060337,799250,0,11.15,0.97,Standard
LN-101114,Hajipur,2023-12-26,Agri,442002,297355,0,8.8,0.93,Standard
LN-101115,Muzaffarpur,2020-05-30,Personal,332760,300056,0,13.03,0.0,Standard
LN-101116,Danapur,2022-05-28,Business,4994203,4722086,0,11.43,1.2,Standard
LN-101117,Muzaffarpur,2020-09-25,Agri,729823,462527,0,8.85,1.1,Standard
LN-101118,Bhagalpur,2019-06-24,Home,1232655,1089459,0,9.69,1.44,Standard
LN-101119,Danapur,2023-02-02,Personal,207204,78310,46,13.25,0.0,SMA-1
LN-101120,Hajipur,2020-08-21,Business,892942,539740,0,12.34,1.29,Standard
LN-101121,Danapur,2020-12-06,Home,2798898,1628646,0,9.18,1.22,Standard
LN-101122,Danapur,2021-06-07,Auto,1092129,555861,0,10.92,1.11,Standard
LN-101123,Patna Main,2021-05-06,Auto,996125,778613,0,10.92,1.11,Standard
LN-101124,Patna Main,2019-02-04,Personal,410859,145510,0,14.36,0.0,Standard
LN-101125,Hajipur,2021-05-31,Home,1886596,984395,0,8.93,1.4,Standard
LN-101126,Hajipur,2022-07-21,Home,2103898,1619978,0,9.92,1.26,Standard
LN-101127,Gaya,2020-08-14,Auto,415190,225030,0,10.88,1.09,Standard
LN-101128,Kankarbagh,2024-08-21,Auto,1097810,973217,0,11.8,1.19,Standard
LN-101129,Bhagalpur,2020-12-27,Home,1036256,574242,0,8.26,1.47,Standard
LN-101130,Muzaffarpur,2019-01-30,Personal,265509,143624,0,13.55,0.0,Standard
LN-101131,Danapur,2022-04-18,Business,2257003,1979305,0,12.39,1.34,Standard
LN-101132,Kankarbagh,2022-03-06,Home,884808,337064,0,9.24,1.55,Standard
LN-101133,Kankarbagh,2020-10-07,Personal,454008,362440,0,13.5,0.0,Standard
LN-101134,Boring Road,2019-06-05,Home,1140282,982017,0,8.57,1.58,Standard
LN-101135,Patna Main,2022-05-21,Agri,267184,107393,0,8.09,0.88,Standard
LN-101136,Danapur,2025-03-03,Business,3322992,1238410,0,11.75,1.28,Standard
LN-101137,Kankarbagh,2020-09-26,Personal,470818,363423,0,14.45,0.0,Standard
LN-101138,Patna Main,2025-01-14,Home,2756485,1227207,0,8.39,1.49,Standard
LN-101139,Kankarbagh,2025-05-03,Home,2317733,824111,0,9.3,1.34,Standard
LN-101140,Danapur,2024-06-29,Agri,781178,487954,0,8.09,1.14,Standard
LN-101141,Danapur,2022-07-01,Auto,651434,239491,0,11.77,1.2,Standard
LN-101142,Gaya,2021-06-06,Auto,1186668,476422,0,10.9,1.18,Standard
LN-101143,Kankarbagh,2020-04-08,Agri,738876,299681,0,7.81,0.86,Standard
LN-101144,Kankarbagh,2020-07-02,Business,1724491,1193056,0,12.16,1.31,Standard
LN-101145,Bhagalpur,2021-11-09,Personal,149448,76101,0,15.0,0.0,Standard
LN-101146,Muzaffarpur,2019-08-16,Auto,720178,290636,0,11.07,0.94,Standard
LN-101147,Boring Road,2019-11-12,Home,2557131,1022166,0,9.27,1.57,Standard
LN-101148,Gaya,2020-12-26,Business,3373181,2810156,0,11.29,1.1,Standard
LN-101149,Patna Main,2019-01-01,Auto,885631,512730,0,10.05,0.96,Standard
LN-101150,Danapur,2024-11-24,Home,1583255,838854,0,8.06,1.33,Standard
LN-101151,Patna Main,2024-05-14,Home,1611568,653232,0,9.21,1.49,Standard
LN-101152,Hajipur,2025-01-19,Home,912626,380776,0,9.41,1.41,Standard
LN-101153,Gaya,2025-03-12,Personal,184516,97731,0,13.11,0.0,Standard
LN-101154,Hajipur,2023-06-23,Auto,1166169,1098670,0,11.62,1.21,Standard
LN-101155,Danapur,2019-03-07,Personal,249881,179972,68,14.92,0.0,SMA-2
LN-101156,Muzaffarpur,2020-01-11,Auto,1073960,941584,0,11.9,0.97,Standard
LN-101157,Danapur,2019-05-23,Personal,490651,423683,87,14.56,0.0,SMA-2
LN-101158,Gaya,2019-02-18,Personal,457128,162711,0,14.21,0.0,Standard
LN-101159,Hajipur,2021-06-05,Personal,143904,80486,0,13.37,0.0,Standard
LN-101160,Boring Road,2023-09-10,Auto,1090086,669509,0,10.47,1.25,Standard
LN-101161,Bhagalpur,2023-01-23,Personal,459840,409118,0,14.13,0.0,Standard
LN-101162,Patna Main,2022-06-30,Business,4261835,1504387,0,11.8,1.09,Standard
LN-101163,Kankarbagh,2024-11-29,Agri,374583,253002,0,8.05,0.96,Standard
LN-101164,Gaya,2022-10-02,Personal,153548,125833,0,14.25,0.0,Standard
LN-101165,Boring Road,2019-09-13,Personal,337753,237378,0,13.36,0.0,Standard
LN-101166,Hajipur,2023-01-22,Agri,498712,429940,0,7.46,0.87,Standard
LN-101167,Gaya,2020-03-05,Home,2162154,774410,0,8.67,1.39,Standard
LN-101168,Kankarbagh,2022-10-25,Personal,263302,145151,0,14.62,0.0,Standard
LN-101169,Patna Main,2020-04-26,Business,4626504,4329883,0,12.36,1.17,Standard
LN-101170,Kankarbagh,2023-01-02,Home,2502535,984014,0,9.23,1.41,Standard
LN-101171,Hajipur,2020-12-24,Agri,557181,354551,0,8.56,0.89,Standard
LN-101172,Muzaffarpur,2021-09-01,Auto,928211,335375,0,10.2,0.96,Standard
LN-101173,Bhagalpur,2019-07-27,Personal,452509,377213,0,13.84,0.0,Standard
LN-101174,Boring Road,2025-06-13,Home,2660414,2104552,0,8.57,1.43,Standard
LN-101175,Hajipur,2021-11-07,Home,2781162,1318285,15,9.26,1.6,SMA-0
LN-101176,Muzaffarpur,2019-07-26,Personal,321760,150871,0,14.87,0.0,Standard
LN-101177,Patna Main,2020-12-27,Agri,104915,75614,35,8.34,0.98,SMA-1
LN-101178,Hajipur,2022-10-16,Agri,707791,457338,0,8.84,0.95,Standard
LN-101179,Muzaffarpur,2021-09-01,Home,1053486,968489,0,8.44,1.5,Standard
LN-101180,Bhagalpur,2025-04-08,Home,2015934,856410,0,8.52,1.24,Standard
LN-101181,Patna Main,2021-07-30,Business,4163246,3231920,0,12.77,1.15,Standard
LN-101182,Muzaffarpur,2022-02-02,Home,1703265,774046,0,8.92,1.52,Standard
LN-101183,Kankarbagh,2020-07-28,Home,2146432,1680833,0,8.87,1.4,Standard
LN-101184,Patna Main,2024-10-30,Home,2384268,1050685,0,9.52,1.31,Standard
LN-101185,Patna Main,2020-06-13,Personal,414511,149382,320,13.5,0.0,NPA
LN-101186,Bhagalpur,2019-01-15,Home,1510301,1004821,0,9.92,1.39,Standard
LN-101187,Kankarbagh,2022-09-30,Business,1082075,738348,0,12.36,1.21,Standard
LN-101188,Gaya,2022-01-02,Agri,222082,93515,0,7.11,1.13,Standard
LN-101189,Muzaffarpur,2019-05-16,Home,1043137,820422,0,9.14,1.49,Standard
LN-101190,Muzaffarpur,2019-03-03,Personal,216455,164287,0,13.33,0.0,Standard
LN-101191,Gaya,2022-03-17,Personal,250079,128034,0,13.79,0.0,Standard
LN-101192,Kankarbagh,2020-01-21,Personal,130981,63952,0,13.82,0.0,Standard
LN-101193,Bhagalpur,2022-04-07,Home,2417217,2032087,0,8.63,1.6,Standard
LN-101194,Hajipur,2021-07-22,Home,2214616,972003,0,9.84,1.39,Standard
LN-101195,Bhagalpur,2019-12-09,Auto,634729,507848,0,11.08,1.07,Standard
LN-101196,Patna Main,2021-07-30,Auto,704200,605625,0,10.99,1.1,Standard
LN-101197,Danapur,2020-03-29,Home,2706938,2559889,0,9.25,1.29,Standard
LN-101198,Patna Main,2024-04-28,Home,1934444,1396968,0,8.75,1.31,Standard
LN-101199,Hajipur,2020-12-01,Agri,514352,249437,0,8.17,1.0,Standard
LN-101200,Hajipur,2023-11-21,Personal,87435,31604,0,13.97,0.0,Standard
LN-101201,Kankarbagh,2019-10-17,Home,1771060,1392760,0,8.94,1.37,Standard
LN-101202,Patna Main,2020-11-11,Home,887759,385357,0,9.52,1.25,Standard
LN-101203,Boring Road,2022-07-22,Home,2037807,1905852,86,10.0,1.19,SMA-2
LN-101204,Muzaffarpur,2023-05-29,Personal,241906,116952,0,14.58,0.0,Standard
LN-101205,Bhagalpur,2020-09-08,Home,2593397,1639792,0,8.44,1.6,Standard
LN-101206,Kankarbagh,2023-01-14,Home,1903717,1582572,0,9.84,1.51,Standard
LN-101207,Muzaffarpur,2022-11-03,Agri,657422,301272,0,8.55,1.01,Standard
LN-101208,Patna Main,2019-03-06,Home,956125,869299,0,9.35,1.49,Standard
LN-101209,Bhagalpur,2025-05-13,Personal,305946,135625,0,14.51,0.0,Standard
LN-101210,Bhagalpur,2024-06-07,Home,2579794,1639037,0,8.67,1.48,Standard
LN-101211,Boring Road,2019-01-24,Business,3650692,3086281,0,11.76,1.34,Standard
LN-101212,Boring Road,2025-02-11,Auto,754442,522318,0,11.85,1.03,Standard
LN-101213,Gaya,2019-06-30,Business,2296135,1799630,0,12.24,1.29,Standard
LN-101214,Muzaffarpur,2024-08-07,Home,1453693,698586,0,9.58,1.38,Standard
LN-101215,Patna Main,2020-12-27,Business,4097622,2975495,0,11.76,1.11,Standard
LN-101216,Muzaffarpur,2021-03-09,Personal,345204,188505,0,14.67,0.0,Standard
LN-101217,Danapur,2019-03-29,Business,1380620,487177,0,12.66,1.21,Standard
LN-101218,Danapur,2024-01-05,Business,3737509,2182851,0,11.73,1.28,Standard
LN-101219,Patna Main,2021-04-18,Auto,684309,302651,0,10.37,1.21,Standard
LN-101220,Gaya,2020-07-06,Home,2931713,1553094,0,9.81,1.56,Standard
LN-101221,Kankarbagh,2024-08-12,Business,2602992,1739162,0,12.96,1.18,Standard
LN-101222,Muzaffarpur,2022-08-24,Business,2856976,1928662,0,12.89,1.28,Standard
LN-101223,Gaya,2019-11-09,Home,2375192,1665868,0,9.37,1.42,Standard
LN-101224,Danapur,2022-12-14,Personal,272197,188938,406,14.79,0.0,NPA
LN-101225,Kankarbagh,2025-06-08,Personal,55039,24523,0,13.96,0.0,Standard
LN-101226,Muzaffarpur,2020-03-12,Home,1618471,602714,0,9.06,1.32,Standard
LN-101227,Muzaffarpur,2019-11-05,Agri,280291,108812,0,8.57,1.04,Standard
LN-101228,Muzaffarpur,2019-07-16,Personal,202702,83712,54,14.34,0.0,SMA-1
LN-101229,Boring Road,2023-08-05,Home,1453749,648749,0,9.74,1.49,Standard
LN-101230,Bhagalpur,2024-01-31,Business,790292,633748,0,12.98,1.23,Standard
LN-101231,Muzaffarpur,2024-12-31,Agri,415618,285916,0,7.67,1.14,Standard
LN-101232,Boring Road,2024-05-09,Business,2261953,1046600,462,12.16,1.1,NPA
LN-101233,Danapur,2021-09-07,Business,1469284,1081235,0,11.97,1.25,Standard
LN-101234,Gaya,2022-02-18,Personal,222139,190547,0,14.86,0.0,Standard
LN-101235,Gaya,2020-01-09,Personal,431578,397279,0,14.06,0.0,Standard
LN-101236,Gaya,2021-02-11,Business,3028610,2112509,0,12.6,1.27,Standard
LN-101237,Patna Main,2022-03-10,Personal,440162,285068,0,14.94,0.0,Standard
LN-101238,Boring Road,2019-11-14,Agri,361687,205008,0,7.24,1.13,Standard
LN-101239,Muzaffarpur,2020-02-21,Home,2770977,1728186,0,8.41,1.56,Standard
LN-101240,Hajipur,2020-02-21,Business,1237891,1040715,0,11.9,1.31,Standard
LN-101241,Boring Road,2020-10-13,Home,867375,401857,0,9.11,1.23,Standard
LN-101242,Boring Road,2019-08-17,Personal,437909,341418,0,13.67,0.0,Standard
LN-101243,Muzaffarpur,2020-07-12,Home,2404248,882316,0,8.91,1.55,Standard
LN-101244,Patna Main,2023-02-05,Auto,312819,251222,0,10.01,0.97,Standard
LN-101245,Muzaffarpur,2020-04-17,Business,1898585,1583685,0,12.25,1.28,Standard
LN-101246,Kankarbagh,2024-06-01,Agri,188195,160344,0,8.2,1.14,Standard
LN-101247,Patna Main,2023-11-23,Personal,110831,95253,0,14.02,0.0,Standard
LN-101248,Kankarbagh,2020-07-29,Business,3685937,1741570,9,11.62,1.36,SMA-0
LN-101249,Hajipur,2020-03-07,Auto,540747,330045,0,10.58,1.18,Standard
LN-101250,Hajipur,2019-07-14,Agri,541174,352865,0,7.15,1.04,Standard
LN-101251,Muzaffarpur,2023-10-24,Business,951539,809279,0,12.12,1.06,Standard
LN-101252,Patna Main,2024-01-10,Agri,494465,207644,0,8.69,1.05,Standard
LN-101253,Boring Road,2019-10-04,Auto,484022,197056,0,10.63,1.04,Standard
LN-101254,Gaya,2023-10-21,Auto,521885,412498,0,11.85,0.94,Standard
LN-101255,Hajipur,2019-04-06,Personal,231511,126115,0,14.37,0.0,Standard
LN-101256,Kankarbagh,2022-02-12,Personal,471096,208593,0,14.06,0.0,Standard
LN-101257,Gaya,2022-02-16,Personal,472908,191438,21,13.97,0.0,SMA-0
LN-101258,Hajipur,2024-05-12,Personal,78410,69414,0,14.77,0.0,Standard
LN-101259,Gaya,2019-05-12,Personal,336035,303539,0,13.23,0.0,Standard
LN-101260,Bhagalpur,2019-11-13,Personal,231922,198164,13,14.01,0.0,SMA-0
LN-101261,Muzaffarpur,2020-04-24,Home,1130955,912494,0,8.39,1.49,Standard
LN-101262,Gaya,2022-03-22,Business,1435334,1284662,0,12.39,1.19,Standard
LN-101263,Bhagalpur,2019-11-12,Home,2362256,1009933,0,9.91,1.26,Standard
LN-101264,Kankarbagh,2020-03-14,Personal,335240,205133,67,14.26,0.0,SMA-2
LN-101265,Kankarbagh,2023-05-20,Personal,154281,102021,0,14.24,0.0,Standard
LN-101266,Patna Main,2023-05-15,Auto,948184,792680,0,11.18,1.23,Standard
LN-101267,Hajipur,2024-02-07,Personal,275497,250181,0,13.81,0.0,Standard
LN-101268,Muzaffarpur,2022-08-12,Auto,743384,629843,0,10.28,1.0,Standard
LN-101269,Muzaffarpur,2024-09-03,Home,2257748,1809838,0,10.0,1.27,Standard
LN-101270,Kankarbagh,2024-06-21,Personal,72738,56062,0,13.78,0.0,Standard
LN-101271,Hajipur,2021-02-06,Business,964696,497288,0,11.24,1.22,Standard
LN-101272,Kankarbagh,2022-09-23,Auto,686742,379814,0,11.84,1.16,Standard
LN-101273,Bhagalpur,2019-04-14,Business,2649002,1481698,0,11.24,1.15,Standard
LN-101274,Bhagalpur,2023-09-21,Agri,200513,121435,0,7.83,1.08,Standard
LN-101275,Kankarbagh,2021-09-28,Home,1466756,1348520,0,9.61,1.5,Standard
LN-101276,Muzaffarpur,2019-12-20,Home,2115381,1829597,0,8.52,1.6,Standard
LN-101277,Kankarbagh,2021-01-16,Auto,574521,344595,0,11.99,1.01,Standard
LN-101278,Boring Road,2024-06-12,Home,856424,592541,0,8.95,1.36,Standard
LN-101279,Gaya,2020-03-18,Agri,267650,151269,0,7.69,1.03,Standard
LN-101280,Bhagalpur,2021-03-27,Auto,1169900,806538,0,11.53,1.07,Standard
LN-101281,Boring Road,2022-06-21,Home,2177006,1464577,0,9.19,1.23,Standard
LN-101282,Boring Road,2023-12-27,Auto,700099,649462,0,11.9,1.08,Standard
LN-101283,Patna Main,2023-07-17,Auto,617249,517549,0,10.46,0.96,Standard
LN-101284,Hajipur,2021-05-26,Home,1028201,714475,0,8.93,1.56,Standard
LN-101285,Gaya,2024-08-25,Home,1559046,877862,0,8.53,1.49,Standard
LN-101286,Bhagalpur,2023-05-07,Personal,145889,55225,19,14.12,0.0,SMA-0
LN-101287,Boring Road,2021-12-24,Auto,491712,218089,0,11.61,1.23,Standard
LN-101288,Muzaffarpur,2022-07-30,Agri,303766,220396,0,7.4,1.09,Standard
LN-101289,Hajipur,2025-05-15,Business,3431169,1867600,0,11.32,1.11,Standard
LN-101290,Boring Road,2024-09-09,Auto,1024833,761599,0,11.65,1.19,Standard
LN-101291,Gaya,2021-02-04,Personal,299097,158046,0,13.54,0.0,Standard
LN-101292,Muzaffarpur,2019-09-25,Personal,423456,256834,0,14.62,0.0,Standard
LN-101293,Patna Main,2019-05-06,Home,2637815,1626190,0,9.5,1.59,Standard
LN-101294,Gaya,2025-04-13,Auto,1146102,748519,0,11.14,0.94,Standard
LN-101295,Bhagalpur,2022-01-15,Auto,341697,150295,0,11.69,1.11,Standard
LN-101296,Gaya,2019-11-27,Auto,762573,553433,0,10.21,0.94,Standard
LN-101297,Boring Road,2020-02-19,Home,1980300,1766162,89,9.25,1.23,SMA-2
LN-101298,Boring Road,2020-02-12,Home,2290060,1317834,0,8.42,1.39,Standard
LN-101299,Kankarbagh,2020-02-25,Home,1986897,1161241,0,9.37,1.21,Standard
LN-101300,Muzaffarpur,2019-06-20,Home,2549803,1390654,0,9.36,1.41,Standard
LN-101301,Bhagalpur,2023-12-21,Auto,685439,620180,0,11.01,1.05,Standard
LN-101302,Gaya,2020-12-25,Personal,432776,328057,0,14.08,0.0,Standard
LN-101303,Boring Road,2023-03-27,Home,2337071,1049350,0,9.86,1.33,Standard
LN-101304,Kankarbagh,2020-06-30,Personal,482153,283127,0,13.18,0.0,Standard
LN-101305,Muzaffarpur,2021-08-12,Personal,389282,207230,0,13.74,0.0,Standard
LN-101306,Gaya,2019-03-05,Personal,405903,235750,62,14.34,0.0,SMA-2
LN-101307,Bhagalpur,2021-04-24,Auto,824954,471181,0,10.85,1.21,Standard
LN-101308,Gaya,2022-12-21,Home,2785568,1393814,0,8.82,1.31,Standard
LN-101309,Boring Road,2023-12-14,Home,854819,543780,0,9.43,1.31,Standard
LN-101310,Hajipur,2024-10-14,Auto,1094437,421885,16,11.28,1.01,SMA-0
LN-101311,Danapur,2023-11-19,Agri,198155,157763,0,8.66,0.94,Standard
LN-101312,Patna Main,2020-11-17,Personal,197188,157138,0,14.33,0.0,Standard
LN-101313,Boring Road,2023-10-09,Home,2744477,1955113,0,9.07,1.23,Standard
LN-101314,Patna Main,2019-12-08,Auto,819945,581004,0,10.02,1.21,Standard
LN-101315,Gaya,2024-03-05,Auto,1103495,939537,0,10.66,1.16,Standard
LN-101316,Boring Road,2024-11-17,Home,1559719,1108614,0,9.01,1.31,Standard
LN-101317,Boring Road,2025-02-02,Home,2192279,1010048,0,9.4,1.35,Standard
LN-101318,Muzaffarpur,2020-09-12,Auto,1133159,714103,0,10.66,1.18,Standard
LN-101319,Bhagalpur,2023-12-02,Business,1716448,1405664,0,11.22,1.11,Standard
LN-101320,Danapur,2020-07-04,Personal,414364,315623,0,13.09,0.0,Standard
LN-101321,Danapur,2023-04-28,Personal,92695,84298,14,13.58,0.0,SMA-0
LN-101322,Hajipur,2023-03-22,Home,2947011,1640845,0,9.97,1.21,Standard
LN-101323,Hajipur,2023-05-06,Auto,462989,210317,0,10.5,1.25,Standard
LN-101324,Hajipur,2021-08-16,Agri,322492,194154,0,8.02,0.94,Standard
LN-101325,Kankarbagh,2023-03-03,Auto,558504,426366,0,10.88,1.24,Standard
LN-101326,Danapur,2024-12-01,Personal,324574,220145,0,14.37,0.0,Standard
LN-101327,Muzaffarpur,2023-08-16,Home,2484614,2250072,0,9.85,1.51,Standard
LN-101328,Hajipur,2020-03-26,Agri,590903,435744,0,7.46,1.03,Standard
LN-101329,Bhagalpur,2020-06-20,Business,4009028,3231751,0,12.96,1.13,Standard
LN-101330,Muzaffarpur,2022-10-03,Home,2989517,2209362,0,8.84,1.25,Standard
LN-101331,Muzaffarpur,2023-05-17,Business,3698538,2566375,0,11.73,1.09,Standard
LN-101332,Patna Main,2024-05-20,Auto,315083,197926,0,10.13,1.0,Standard
LN-101333,Danapur,2023-10-23,Home,970802,600310,0,8.82,1.6,Standard
LN-101334,Muzaffarpur,2024-10-18,Auto,755052,362537,0,11.03,1.26,Standard
LN-101335,Boring Road,2024-02-09,Personal,308999,151023,0,14.45,0.0,Standard
LN-101336,Hajipur,2022-03-01,Personal,177062,86840,0,14.19,0.0,Standard
LN-101337,Kankarbagh,2022-06-12,Business,770849,382729,20,12.48,1.32,SMA-0
LN-101338,Hajipur,2022-11-29,Home,1094336,934626,0,9.45,1.36,Standard
LN-101339,Danapur,2021-08-01,Auto,918206,556532,0,11.54,1.15,Standard
LN-101340,Danapur,2024-08-16,Home,857148,581743,0,8.46,1.47,Standard
LN-101341,Danapur,2025-03-24,Home,2387448,2082443,0,9.43,1.48,Standard
LN-101342,Danapur,2024-11-11,Business,3208925,2907447,0,12.06,1.14,Standard
LN-101343,Danapur,2019-03-18,Home,2654233,1306856,0,8.82,1.37,Standard
LN-101344,Patna Main,2020-08-07,Personal,185670,118755,0,13.2,0.0,Standard
LN-101345,Danapur,2023-02-24,Auto,1101837,1003457,0,10.28,1.07,Standard
LN-101346,Danapur,2021-08-03,Auto,1025918,862585,0,10.26,1.0,Standard
LN-101347,Danapur,2019-04-22,Personal,336075,163323,0,14.07,0.0,Standard
LN-101348,Kankarbagh,2021-01-25,Auto,357223,291270,0,11.52,1.15,Standard
LN-101349,Patna Main,2023-02-27,Auto,775469,595391,41,10.74,0.94,SMA-1
LN-101350,Kankarbagh,2020-09-17,Home,1483760,891366,0,8.69,1.2,Standard
LN-101351,Gaya,2025-02-24,Home,2760013,1017340,0,9.48,1.54,Standard
LN-101352,Patna Main,2022-03-13,Auto,477673,416774,0,11.67,1.03,Standard
LN-101353,Patna Main,2022-06-29,Agri,247410,113162,0,8.03,0.93,Standard
LN-101354,Kankarbagh,2021-10-30,Personal,104519,52825,0,13.11,0.0,Standard
LN-101355,Boring Road,2025-05-26,Auto,650403,278465,0,10.17,1.17,Standard
LN-101356,Boring Road,2023-08-30,Personal,257638,128388,0,13.7,0.0,Standard
LN-101357,Hajipur,2019-06-13,Personal,165717,152898,0,14.36,0.0,Standard
LN-101358,Bhagalpur,2020-08-28,Home,982267,567615,0,9.19,1.49,Standard
LN-101359,Boring Road,2020-04-17,Personal,219117,178125,0,14.75,0.0,Standard
LN-101360,Kankarbagh,2022-06-02,Agri,720066,365401,0,8.21,0.98,Standard
LN-101361,Patna Main,2022-12-01,Home,2559080,1691219,0,9.13,1.35,Standard
LN-101362,Gaya,2019-04-14,Personal,267275,130978,0,14.45,0.0,Standard
LN-101363,Danapur,2024-11-03,Home,1568609,676849,0,9.77,1.42,Standard
LN-101364,Danapur,2023-04-03,Auto,738873,522160,0,11.44,1.13,Standard
LN-101365,Muzaffarpur,2023-06-09,Auto,1125044,661216,0,10.57,1.25,Standard
LN-101366,Hajipur,2024-07-02,Personal,347526,312405,0,13.94,0.0,Standard
LN-101367,Boring Road,2023-02-04,Home,2655416,2033807,0,9.19,1.46,Standard
LN-101368,Boring Road,2022-02-08,Auto,877314,331094,64,11.42,1.22,SMA-2
LN-101369,Boring Road,2024-04-02,Personal,299012,160086,0,14.81,0.0,Standard
LN-101370,Boring Road,2022-12-10,Home,2677608,2405054,0,8.55,1.29,Standard
LN-101371,Gaya,2025-06-07,Business,2292780,1435281,0,11.68,1.14,Standard
LN-101372,Boring Road,2021-12-06,Home,2357317,2062370,0,9.14,1.26,Standard
LN-101373,Patna Main,2024-01-17,Auto,301536,213873,0,10.56,1.25,Standard
LN-101374,Hajipur,2022-04-11,Agri,561670,424344,0,7.57,1.1,Standard
LN-101375,Danapur,2025-05-27,Home,1567160,1210908,0,9.82,1.36,Standard
LN-101376,Gaya,2019-05-02,Business,526261,377930,0,11.05,1.09,Standard
LN-101377,Bhagalpur,2020-10-31,Auto,948895,809529,46,10.74,1.2,SMA-1
LN-101378,Muzaffarpur,2021-07-16,Personal,266951,106908,0,13.9,0.0,Standard
LN-101379,Danapur,2020-01-28,Personal,226110,210770,0,14.2,0.0,Standard
LN-101380,Gaya,2020-08-19,Business,3244931,1870849,0,11.68,1.37,Standard
LN-101381,Gaya,2021-02-20,Personal,432926,262391,0,13.14,0.0,Standard
LN-101382,Muzaffarpur,2025-03-16,Auto,688836,282368,0,10.56,0.95,Standard
LN-101383,Gaya,2024-08-06,Home,2359848,1921155,0,8.02,1.41,Standard
LN-101384,Danapur,2022-12-09,Auto,992222,652303,0,10.27,0.97,Standard
LN-101385,Danapur,2025-06-04,Home,938302,562406,0,9.51,1.58,Standard
LN-101386,Hajipur,2020-05-10,Auto,954019,722951,247,10.28,1.23,NPA
LN-101387,Hajipur,2024-01-09,Auto,534929,400476,0,11.33,0.97,Standard
LN-101388,Muzaffarpur,2021-10-19,Auto,1191493,726465,0,11.5,1.26,Standard
LN-101389,Hajipur,2020-10-13,Home,2173341,950255,20,8.69,1.23,SMA-0
LN-101390,Patna Main,2019-08-19,Business,3967438,1560081,0,12.62,1.28,Standard
LN-101391,Bhagalpur,2022-11-03,Personal,369267,259274,14,13.87,0.0,SMA-0
LN-101392,Bhagalpur,2025-03-13,Auto,956737,700351,0,11.33,1.11,Standard
LN-101393,Hajipur,2021-08-18,Auto,816145,675187,0,10.72,1.26,Standard
LN-101394,Hajipur,2022-05-31,Personal,480909,328205,0,13.36,0.0,Standard
LN-101395,Boring Road,2024-05-22,Auto,747102,318342,0,10.2,1.12,Standard
LN-101396,Patna Main,2019-08-23,Personal,422280,341635,0,13.34,0.0,Standard
LN-101397,Muzaffarpur,2019-07-01,Home,2907437,2044925,0,9.41,1.25,Standard
LN-101398,Muzaffarpur,2023-05-28,Auto,572275,380923,0,10.55,1.05,Standard
LN-101399,Boring Road,2019-04-07,Personal,454181,265162,9,13.41,0.0,SMA-0
LN-101400,Kankarbagh,2022-11-07,Business,2420577,2141249,13,12.06,1.03,SMA-0
LN-101401,Patna Main,2025-01-05,Home,932162,689837,0,8.36,1.56,Standard
LN-101402,Hajipur,2020-10-14,Home,2545150,1431495,0,8.51,1.55,Standard
LN-101403,Hajipur,2020-04-07,Personal,125549,112101,24,13.77,0.0,SMA-0
LN-101404,Bhagalpur,2023-11-27,Personal,218546,200749,0,14.01,0.0,Standard
LN-101405,Muzaffarpur,2022-03-09,Personal,464592,418731,0,14.86,0.0,Standard
LN-101406,Hajipur,2020-03-13,Agri,326871,152389,0,9.0,1.04,Standard
LN-101407,Kankarbagh,2023-12-13,Business,4727216,3461804,0,11.73,1.2,Standard
LN-101408,Gaya,2021-09-16,Agri,239171,178306,0,8.75,0.9,Standard
LN-101409,Boring Road,2024-06-21,Business,2010438,938971,0,12.61,1.33,Standard
LN-101410,Bhagalpur,2024-09-14,Home,2823606,2501923,0,8.55,1.29,Standard
LN-101411,Gaya,2023-09-15,Home,2250358,838653,0,9.03,1.51,Standard
LN-101412,Bhagalpur,2019-06-13,Home,2793949,2332534,0,9.87,1.27,Standard
LN-101413,Muzaffarpur,2022-09-12,Personal,417278,333811,33,13.48,0.0,SMA-1
LN-101414,Kankarbagh,2022-05-07,Auto,1076567,790693,0,11.59,1.08,Standard
LN-101415,Bhagalpur,2024-02-05,Personal,110829,79767,0,13.88,0.0,Standard
LN-101416,Hajipur,2024-10-19,Agri,399258,318318,0,8.37,1.1,Standard
LN-101417,Patna Main,2021-07-31,Personal,257070,209342,0,14.5,0.0,Standard
LN-101418,Gaya,2022-09-21,Auto,591975,531876,0,10.31,1.08,Standard
LN-101419,Kankarbagh,2023-03-18,Personal,59761,47571,0,13.5,0.0,Standard
LN-101420,Muzaffarpur,2024-04-02,Personal,356463,291482,0,13.42,0.0,Standard
LN-101421,Bhagalpur,2020-09-16,Home,1174027,868628,0,9.31,1.23,Standard
LN-101422,Gaya,2023-09-07,Agri,764620,376428,0,8.3,1.03,Standard
LN-101423,Danapur,2022-07-02,Personal,293508,224318,0,13.21,0.0,Standard
LN-101424,Gaya,2023-07-10,Auto,774867,456537,0,11.44,1.15,Standard
LN-101425,Boring Road,2024-03-07,Auto,717400,541031,0,11.98,1.09,Standard
LN-101426,Boring Road,2023-07-15,Home,2911151,2181927,0,8.9,1.33,Standard
LN-101427,Muzaffarpur,2023-07-29,Agri,459150,198893,0,7.85,1.12,Standard
LN-101428,Bhagalpur,2024-03-05,Personal,334920,190838,0,14.22,0.0,Standard
LN-101429,Boring Road,2022-04-21,Auto,768345,485864,0,11.05,1.12,Standard
LN-101430,Danapur,2023-09-23,Personal,325721,207227,0,13.45,0.0,Standard
LN-101431,Muzaffarpur,2024-03-21,Personal,414544,234830,0,13.49,0.0,Standard
LN-101432,Patna Main,2025-05-01,Home,2229798,1153843,0,8.26,1.37,Standard
LN-101433,Hajipur,2023-03-27,Personal,328817,178312,0,13.69,0.0,Standard
LN-101434,Hajipur,2020-12-20,Auto,391219,298254,0,10.11,1.06,Standard
LN-101435,Boring Road,2021-07-13,Home,2072797,1285762,0,8.77,1.25,Standard
LN-101436,Danapur,2022-12-05,Auto,628190,358743,0,10.61,1.03,Standard
LN-101437,Bhagalpur,2020-10-03,Home,990596,749838,0,8.66,1.59,Standard
LN-101438,Muzaffarpur,2019-09-05,Business,762114,515626,65,11.69,1.32,SMA-2
LN-101439,Bhagalpur,2020-05-24,Agri,102567,45033,0,8.33,1.0,Standard
LN-101440,Gaya,2021-10-01,Agri,558792,270518,0,7.04,1.02,Standard
LN-101441,Patna Main,2024-01-18,Auto,589412,309956,0,11.32,1.06,Standard
LN-101442,Kankarbagh,2021-01-31,Business,3986547,1497873,0,11.17,1.12,Standard
LN-101443,Muzaffarpur,2022-04-05,Home,1999185,1025399,0,8.66,1.31,Standard
LN-101444,Gaya,2021-05-07,Personal,107219,97626,0,14.11,0.0,Standard
LN-101445,Bhagalpur,2025-05-28,Home,2664331,2178278,208,9.65,1.6,NPA
LN-101446,Gaya,2019-08-16,Auto,837445,548417,0,10.65,1.11,Standard
LN-101447,Danapur,2022-06-24,Personal,189226,75253,0,13.9,0.0,Standard
LN-101448,Patna Main,2023-06-17,Home,1211432,595713,0,8.07,1.58,Standard
LN-101449,Boring Road,2023-10-12,Agri,316689,264380,0,8.8,1.03,Standard
LN-101450,Danapur,2020-06-08,Agri,432911,342321,0,8.02,0.9,Standard
LN-101451,Boring Road,2021-12-29,Home,1160825,799310,0,9.24,1.34,Standard
LN-101452,Boring Road,2024-03-27,Personal,367964,189197,0,14.89,0.0,Standard
LN-101453,Kankarbagh,2021-08-13,Home,2498338,1465570,0,9.83,1.47,Standard
LN-101454,Bhagalpur,2020-08-31,Personal,275010,104835,0,14.44,0.0,Standard
LN-101455,Kankarbagh,2023-01-26,Home,2241597,2014118,0,8.68,1.2,Standard
LN-101456,Danapur,2021-10-03,Personal,209816,174266,0,13.46,0.0,Standard
LN-101457,Kankarbagh,2021-09-25,Agri,346668,298379,0,8.37,0.91,Standard
LN-101458,Hajipur,2021-08-12,Auto,570055,449663,0,10.59,0.97,Standard
LN-101459,Bhagalpur,2021-04-27,Home,835186,313224,0,9.15,1.44,Standard
LN-101460,Boring Road,2019-11-01,Home,848053,753884,0,8.55,1.59,Standard
LN-101461,Hajipur,2024-10-11,Agri,238627,213150,0,7.98,1.14,Standard
LN-101462,Bhagalpur,2020-07-01,Business,4579575,4087376,0,12.2,1.09,Standard
LN-101463,Danapur,2021-11-13,Business,3318114,2075138,0,11.98,1.32,Standard
LN-101464,Danapur,2021-06-19,Home,2540542,1491162,0,9.59,1.25,Standard
LN-101465,Kankarbagh,2019-01-04,Agri,269018,135113,0,7.73,1.15,Standard
LN-101466,Kankarbagh,2021-06-09,Auto,1029598,401951,0,11.01,1.08,Standard
LN-101467,Muzaffarpur,2020-03-18,Personal,137840,89677,0,13.71,0.0,Standard
LN-101468,Bhagalpur,2020-06-13,Personal,94158,66280,43,13.17,0.0,SMA-1
LN-101469,Boring Road,2022-12-22,Home,840026,501390,0,9.9,1.31,Standard
LN-101470,Boring Road,2024-01-15,Home,1712252,1427576,0,8.67,1.29,Standard
LN-101471,Muzaffarpur,2021-01-21,Business,1153181,736420,89,11.18,1.29,SMA-2
LN-101472,Danapur,2020-09-20,Home,1972095,1423189,0,9.91,1.46,Standard
LN-101473,Muzaffarpur,2024-09-10,Personal,473163,221929,0,14.86,0.0,Standard
LN-101474,Kankarbagh,2023-07-02,Home,1265345,827297,0,9.23,1.51,Standard
LN-101475,Boring Road,2019-05-23,Home,928670,830456,0,8.08,1.5,Standard
LN-101476,Hajipur,2021-08-07,Home,2421127,2245243,0,8.26,1.54,Standard
LN-101477,Danapur,2020-05-09,Home,1671476,1036976,0,9.17,1.36,Standard
LN-101478,Bhagalpur,2023-09-03,Auto,733433,266887,0,10.08,0.97,Standard
LN-101479,Kankarbagh,2021-06-27,Home,1953637,1707222,0,9.13,1.55,Standard
LN-101480,Bhagalpur,2021-04-18,Personal,425569,194957,398,13.39,0.0,NPA
LN-101481,Gaya,2021-09-20,Business,4552541,3168870,0,12.31,1.08,Standard
LN-101482,Patna Main,2022-08-30,Agri,414529,304239,0,8.68,1.12,Standard
LN-101483,Hajipur,2022-09-08,Personal,339695,274125,0,14.89,0.0,Standard
LN-101484,Gaya,2021-01-15,Home,2073461,1612834,0,8.39,1.39,Standard
LN-101485,Gaya,2022-01-30,Auto,652453,456071,0,10.13,1.01,Standard
LN-101486,Patna Main,2025-03-10,Personal,185009,167904,0,13.47,0.0,Standard
LN-101487,Bhagalpur,2019-09-04,Personal,197090,156922,0,13.76,0.0,Standard
LN-101488,Danapur,2023-08-31,Home,820718,322660,0,8.57,1.22,Standard
LN-101489,Kankarbagh,2021-10-29,Agri,241066,123064,0,8.29,0.93,Standard
LN-101490,Kankarbagh,2025-05-18,Personal,123343,82589,0,13.51,0.0,Standard
LN-101491,Muzaffarpur,2024-11-21,Home,965415,500339,0,8.62,1.6,Standard
LN-101492,Boring Road,2021-05-12,Home,2447727,1978608,0,9.28,1.4,Standard
LN-101493,Danapur,2019-06-13,Home,1572047,1476814,0,8.82,1.2,Standard
LN-101494,Bhagalpur,2020-07-18,Auto,503185,215074,0,10.11,1.11,Standard
LN-101495,Kankarbagh,2023-02-01,Agri,681499,316917,0,7.66,0.99,Standard
LN-101496,Hajipur,2019-03-29,Agri,452525,206757,0,8.57,1.07,Standard
LN-101497,Danapur,2020-12-10,Personal,104982,45571,0,14.15,0.0,Standard
LN-101498,Bhagalpur,2021-08-15,Personal,355967,297085,0,14.49,0.0,Standard
LN-101499,Danapur,2022-09-26,Personal,346878,175599,0,13.88,0.0,Standard
LN-101500,Boring Road,2023-06-28,Auto,304289,227667,0,10.28,1.2,Standard
LN-101501,Kankarbagh,2022-02-27,Home,1299463,1127604,0,8.65,1.54,Standard
LN-101502,Hajipur,2023-11-01,Personal,342498,323451,40,13.54,0.0,SMA-1
LN-101503,Hajipur,2021-03-19,Business,2846590,2003583,0,11.44,1.19,Standard
LN-101504,Boring Road,2023-01-05,Home,831826,581330,0,8.12,1.55,Standard
LN-101505,Muzaffarpur,2021-05-27,Home,1667761,929169,0,8.08,1.41,Standard
LN-101506,Muzaffarpur,2021-01-01,Auto,1046722,959667,0,10.53,1.01,Standard
LN-101507,Kankarbagh,2023-09-13,Auto,826206,615332,0,11.09,0.99,Standard
LN-101508,Hajipur,2022-03-08,Personal,349100,131552,0,13.6,0.0,Standard
LN-101509,Danapur,2025-03-03,Auto,772204,416542,0,11.78,1.21,Standard
LN-101510,Gaya,2020-01-28,Auto,437608,399671,0,11.11,1.17,Standard
LN-101511,Gaya,2020-05-22,Business,4310250,1956863,0,11.3,1.17,Standard
LN-101512,Danapur,2024-11-27,Agri,130490,78867,0,7.6,0.98,Standard
LN-101513,Hajipur,2021-07-16,Home,1880088,1329223,0,8.25,1.45,Standard
LN-101514,Patna Main,2020-12-14,Agri,277778,214708,0,8.67,0.92,Standard
LN-101515,Kankarbagh,2019-03-16,Business,1930675,852578,0,11.8,1.11,Standard
LN-101516,Hajipur,2019-04-03,Personal,415353,207147,0,13.65,0.0,Standard
LN-101517,Kankarbagh,2025-06-12,Personal,262665,108128,0,13.98,0.0,Standard
LN-101518,Hajipur,2021-04-18,Home,2034753,1651835,0,8.27,1.49,Standard
LN-101519,Bhagalpur,2021-07-14,Personal,199029,100568,0,13.26,0.0,Standard
LN-101520,Boring Road,2020-11-06,Personal,259566,233716,0,14.89,0.0,Standard
LN-101521,Gaya,2024-12-22,Home,2952842,1253969,0,8.52,1.58,Standard
LN-101522,Patna Main,2020-05-24,Auto,885537,737113,0,10.54,1.17,Standard
LN-101523,Gaya,2020-09-26,Home,2073598,1232653,73,9.81,1.19,SMA-2
LN-101524,Boring Road,2025-06-15,Personal,423485,375505,0,14.42,0.0,Standard
LN-101525,Muzaffarpur,2022-05-05,Agri,793468,444073,0,8.67,0.99,Standard
LN-101526,Danapur,2021-04-09,Business,4153236,3349163,0,11.34,1.07,Standard
LN-101527,Muzaffarpur,2019-05-25,Auto,737937,618150,0,11.02,1.21,Standard
LN-101528,Patna Main,2024-05-19,Home,2819413,1728710,0,9.98,1.4,Standard
LN-101529,Bhagalpur,2020-06-23,Personal,240893,132252,0,14.52,0.0,Standard
LN-101530,Patna Main,2020-10-28,Personal,295354,210870,0,14.8,0.0,Standard
LN-101531,Boring Road,2022-01-18,Home,2147833,1774370,0,9.55,1.38,Standard
LN-101532,Muzaffarpur,2019-01-03,Home,1391284,566619,13,9.96,1.53,SMA-0
LN-101533,Boring Road,2019-07-25,Personal,228733,133209,0,13.3,0.0,Standard
LN-101534,Danapur,2023-01-19,Business,2994213,1757410,0,11.5,1.35,Standard
LN-101535,Danapur,2024-12-12,Business,2277097,1046168,0,12.91,1.35,Standard
LN-101536,Patna Main,2023-09-07,Personal,382411,185603,0,13.48,0.0,Standard
LN-101537,Kankarbagh,2021-06-13,Personal,175733,106926,0,13.7,0.0,Standard
LN-101538,Hajipur,2021-03-27,Auto,797928,427119,62,11.59,1.23,SMA-2
LN-101539,Kankarbagh,2020-10-02,Personal,360649,137852,0,13.29,0.0,Standard
LN-101540,Bhagalpur,2020-11-09,Home,2187864,2070441,0,9.39,1.27,Standard
LN-101541,Patna Main,2022-08-08,Auto,1077079,553025,0,10.32,1.01,Standard
LN-101542,Hajipur,2021-01-07,Auto,1044162,417855,0,10.94,1.13,Standard
LN-101543,Bhagalpur,2021-08-27,Business,4198384,2038812,0,11.54,1.03,Standard
LN-101544,Patna Main,2022-02-22,Home,2561372,2321054,0,8.77,1.28,Standard
LN-101545,Kankarbagh,2023-07-20,Home,1384225,681572,0,9.2,1.31,Standard
LN-101546,Muzaffarpur,2021-01-30,Home,2277922,1398832,0,9.51,1.53,Standard
LN-101547,Danapur,2021-03-14,Personal,335700,240995,0,14.83,0.0,Standard
LN-101548,Bhagalpur,2023-04-14,Personal,466169,247637,0,13.88,0.0,Standard
LN-101549,Muzaffarpur,2021-10-25,Personal,474715,273840,0,14.42,0.0,Standard
LN-101550,Patna Main,2021-04-19,Business,2516667,1449495,0,11.52,1.31,Standard
LN-101551,Gaya,2019-11-22,Business,2678286,1490105,0,12.23,1.16,Standard
LN-101552,Danapur,2023-04-13,Auto,583935,310471,0,10.59,1.07,Standard
LN-101553,Hajipur,2020-09-22,Agri,108256,97484,0,7.2,1.08,Standard
LN-101554,Kankarbagh,2024-06-24,Home,2421165,2198460,0,9.99,1.44,Standard
LN-101555,Hajipur,2023-03-31,Business,2845045,2136002,179,11.2,1.14,NPA
LN-101556,Patna Main,2021-06-28,Auto,569475,526041,0,11.47,0.95,Standard
LN-101557,Gaya,2022-02-15,Home,2570007,2125268,0,9.83,1.31,Standard
LN-101558,Kankarbagh,2024-12-17,Auto,715559,482565,0,11.56,1.16,Standard
LN-101559,Danapur,2020-04-26,Agri,362450,152431,0,8.89,1.01,Standard
LN-101560,Muzaffarpur,2020-02-10,Home,2095363,956804,0,8.4,1.51,Standard
LN-101561,Bhagalpur,2024-01-04,Agri,648017,358009,11,8.19,1.12,SMA-0
LN-101562,Bhagalpur,2025-03-28,Home,2000802,1246093,0,8.39,1.23,Standard
LN-101563,Patna Main,2021-10-14,Agri,283139,193386,3,7.6,1.06,SMA-0
LN-101564,Boring Road,2020-08-25,Agri,311095,123648,0,8.1,1.09,Standard
LN-101565,Muzaffarpur,2020-09-06,Personal,299718,183317,0,13.18,0.0,Standard
LN-101566,Boring Road,2022-05-05,Auto,868863,607177,0,10.92,1.05,Standard
LN-101567,Muzaffarpur,2025-03-21,Home,2188775,1991935,0,9.94,1.27,Standard
LN-101568,Kankarbagh,2022-12-07,Home,1208331,568808,0,9.04,1.55,Standard
LN-101569,Danapur,2019-04-16,Home,1658115,594477,0,8.4,1.43,Standard
LN-101570,Kankarbagh,2022-09-26,Home,2770255,1297355,0,9.01,1.27,Standard
LN-101571,Danapur,2022-07-30,Home,1353279,669171,0,9.88,1.36,Standard
LN-101572,Gaya,2021-12-21,Auto,906621,784118,0,10.51,1.02,Standard
LN-101573,Gaya,2019-01-08,Personal,468877,187759,0,14.48,0.0,Standard
LN-101574,Gaya,2023-07-14,Personal,341212,239722,0,14.07,0.0,Standard
LN-101575,Gaya,2025-06-22,Auto,608218,227892,0,10.58,1.23,Standard
LN-101576,Patna Main,2024-07-28,Auto,532867,481988,0,11.07,1.09,Standard
LN-101577,Patna Main,2022-05-27,Personal,496942,399642,16,13.11,0.0,SMA-0
LN-101578,Hajipur,2020-06-04,Auto,664612,283797,0,11.42,1.01,Standard
LN-101579,Danapur,2023-07-01,Home,2887906,2554543,0,9.33,1.48,Standard
LN-101580,Danapur,2019-07-19,Home,2755373,1769216,0,8.71,1.53,Standard
LN-101581,Patna Main,2019-07-13,Personal,467855,411069,0,14.27,0.0,Standard
LN-101582,Hajipur,2024-09-06,Home,1720773,1221593,0,8.54,1.52,Standard
LN-101583,Hajipur,2023-05-13,Auto,558968,433901,0,11.03,1.12,Standard
LN-101584,Danapur,2019-07-10,Personal,371700,278937,0,13.64,0.0,Standard
LN-101585,Muzaffarpur,2024-07-30,Personal,469247,346493,0,14.58,0.0,Standard
LN-101586,Gaya,2022-05-15,Auto,666882,296604,0,11.02,1.25,Standard
LN-101587,Muzaffarpur,2019-03-12,Personal,180122,133129,0,13.92,0.0,Standard
LN-101588,Hajipur,2020-05-27,Home,1218275,518203,0,9.15,1.51,Standard
LN-101589,Patna Main,2022-08-04,Personal,188064,111368,0,13.18,0.0,Standard
LN-101590,Muzaffarpur,2019-11-17,Home,2437920,1341052,0,8.51,1.28,Standard
LN-101591,Muzaffarpur,2024-02-26,Auto,651020,376003,0,11.34,1.01,Standard
LN-101592,Danapur,2022-03-06,Home,2784535,1502588,488,9.16,1.2,NPA
LN-101593,Kankarbagh,2021-06-21,Auto,1117678,659042,0,11.2,1.24,Standard
LN-101594,Hajipur,2023-08-06,Business,3259628,2697030,0,12.55,1.29,Standard
LN-101595,Gaya,2021-12-25,Home,1115730,776837,178,9.02,1.26,NPA
LN-101596,Patna Main,2023-03-24,Agri,279809,109973,0,7.77,1.02,Standard
LN-101597,Muzaffarpur,2024-05-30,Personal,151724,138677,67,14.83,0.0,SMA-2
LN-101598,Boring Road,2022-12-09,Agri,460815,226444,0,8.3,1.02,Standard
LN-101599,Kankarbagh,2021-07-28,Agri,568239,388780,0,8.44,1.01,Standard
LN-101600,Patna Main,2024-07-20,Auto,854650,567041,0,11.84,1.09,Standard
LN-101601,Boring Road,2024-03-26,Home,1675345,1292279,0,9.41,1.41,Standard
LN-101602,Gaya,2020-09-14,Auto,638609,452053,0,10.31,1.17,Standard
LN-101603,Hajipur,2019-08-11,Home,2124397,1873290,0,8.57,1.45,Standard
LN-101604,Danapur,2021-06-20,Auto,313027,231548,0,11.21,1.23,Standard
LN-101605,Danapur,2023-10-09,Personal,212818,201158,0,14.08,0.0,Standard
LN-101606,Muzaffarpur,2021-02-24,Business,4172626,2295111,0,11.64,1.26,Standard
LN-101607,Bhagalpur,2020-03-08,Agri,747591,287243,0,7.26,0.88,Standard
LN-101608,Patna Main,2021-11-25,Home,1318258,813251,0,9.07,1.3,Standard
LN-101609,Gaya,2020-01-10,Home,2826864,1897703,0,8.04,1.29,Standard
LN-101610,Bhagalpur,2023-02-24,Personal,465851,427617,0,14.46,0.0,Standard
LN-101611,Boring Road,2023-12-23,Auto,932545,466102,47,11.54,1.11,SMA-1
LN-101612,Patna Main,2020-07-01,Auto,322677,214184,0,10.42,0.96,Standard
LN-101613,Patna Main,2019-10-14,Agri,311759,236610,0,7.07,1.12,Standard
LN-101614,Muzaffarpur,2024-04-13,Home,1242735,1165271,0,8.02,1.52,Standard
LN-101615,Bhagalpur,2023-09-09,Home,2432933,916474,0,9.49,1.24,Standard
LN-101616,Boring Road,2021-06-14,Home,2728186,1997550,0,9.43,1.3,Standard
LN-101617,Gaya,2021-05-08,Home,1108304,940279,0,9.12,1.25,Standard
LN-101618,Hajipur,2021-07-04,Personal,450518,300040,0,13.02,0.0,Standard
LN-101619,Gaya,2024-04-05,Business,4005789,2244599,0,12.83,1.31,Standard
LN-101620,Danapur,2019-04-29,Personal,60061,37101,0,13.65,0.0,Standard
LN-101621,Hajipur,2022-05-08,Auto,312138,160995,0,11.83,1.02,Standard
LN-101622,Hajipur,2024-12-28,Home,2840107,1558698,0,8.13,1.25,Standard
LN-101623,Boring Road,2023-10-04,Personal,370561,229804,0,14.23,0.0,Standard
LN-101624,Kankarbagh,2023-03-07,Personal,443066,187226,0,14.11,0.0,Standard
LN-101625,Kankarbagh,2022-12-04,Personal,356803,329727,0,14.31,0.0,Standard
LN-101626,Danapur,2021-06-10,Auto,762368,394675,0,10.24,1.22,Standard
LN-101627,Muzaffarpur,2023-06-27,Auto,692367,517881,0,11.26,1.16,Standard
LN-101628,Kankarbagh,2022-12-06,Home,1636598,1218533,0,9.0,1.2,Standard
LN-101629,Boring Road,2025-02-01,Home,838487,641663,0,9.51,1.4,Standard
LN-101630,Hajipur,2024-06-15,Auto,655738,318989,0,10.98,1.11,Standard
LN-101631,Muzaffarpur,2020-11-24,Business,3573222,1539811,0,11.39,1.28,Standard
LN-101632,Kankarbagh,2025-03-08,Personal,56679,23067,0,14.97,0.0,Standard
LN-101633,Danapur,2021-09-04,Auto,756654,618272,0,10.48,1.11,Standard
LN-101634,Muzaffarpur,2025-06-13,Agri,239426,186378,0,7.53,0.9,Standard
LN-101635,Kankarbagh,2019-01-29,Home,1232718,1040085,27,8.65,1.29,SMA-0
LN-101636,Hajipur,2021-04-03,Personal,300713,135825,0,14.27,0.0,Standard
LN-101637,Muzaffarpur,2025-02-21,Home,1656414,1286478,0,9.41,1.6,Standard
LN-101638,Kankarbagh,2024-02-22,Personal,111746,88121,28,14.02,0.0,SMA-0
LN-101639,Danapur,2023-10-01,Business,4265721,2513672,0,12.18,1.19,Standard
LN-101640,Boring Road,2021-03-27,Auto,562526,201872,0,10.07,1.06,Standard
LN-101641,Kankarbagh,2021-04-12,Agri,744805,561284,0,8.95,0.95,Standard
LN-101642,Hajipur,2020-01-25,Home,1019820,404065,0,9.34,1.29,Standard
LN-101643,Gaya,2022-08-26,Auto,1146213,427228,0,10.18,0.98,Standard
LN-101644,Muzaffarpur,2023-01-20,Personal,172116,91164,0,14.02,0.0,Standard
LN-101645,Bhagalpur,2023-09-21,Personal,224353,88498,0,13.51,0.0,Standard
LN-101646,Boring Road,2024-08-09,Business,3059874,1743654,0,12.47,1.25,Standard
LN-101647,Gaya,2024-05-29,Agri,495606,189894,0,8.81,0.88,Standard
LN-101648,Bhagalpur,2022-07-24,Personal,455731,329904,0,13.62,0.0,Standard
LN-101649,Muzaffarpur,2025-03-03,Personal,349490,283649,28,13.43,0.0,SMA-0
LN-101650,Danapur,2020-09-18,Personal,431347,196456,0,13.39,0.0,Standard
LN-101651,Bhagalpur,2021-12-18,Personal,304359,117158,9,14.41,0.0,SMA-0
LN-101652,Patna Main,2023-11-09,Business,4079939,2252595,0,12.31,1.04,Standard
LN-101653,Bhagalpur,2021-10-03,Personal,413794,183206,0,13.11,0.0,Standard
LN-101654,Muzaffarpur,2022-07-29,Personal,352456,136761,0,14.08,0.0,Standard
LN-101655,Danapur,2020-03-01,Auto,839218,697971,0,10.25,1.23,Standard
LN-101656,Danapur,2023-11-04,Personal,57795,34503,0,14.35,0.0,Standard
LN-101657,Gaya,2019-08-10,Personal,474878,209608,0,14.88,0.0,Standard
LN-101658,Kankarbagh,2019-06-10,Auto,830580,300340,0,10.95,1.11,Standard
LN-101659,Kankarbagh,2020-09-01,Home,1254330,853614,0,8.26,1.21,Standard
LN-101660,Danapur,2024-07-23,Business,4041907,1772180,0,12.0,1.04,Standard
LN-101661,Bhagalpur,2023-07-07,Business,2751463,1376628,0,12.43,1.28,Standard
LN-101662,Kankarbagh,2020-12-17,Auto,813721,767879,0,10.2,1.18,Standard
LN-101663,Muzaffarpur,2023-01-06,Home,1209664,487970,0,9.39,1.28,Standard
LN-101664,Kankarbagh,2021-12-03,Auto,458932,209504,0,11.67,1.14,Standard
LN-101665,Kankarbagh,2023-08-25,Personal,219587,123622,0,13.31,0.0,Standard
LN-101666,Patna Main,2023-05-29,Business,1267966,1105505,0,11.85,1.31,Standard
LN-101667,Muzaffarpur,2021-05-07,Home,2789356,1796612,0,9.19,1.33,Standard
LN-101668,Boring Road,2025-01-01,Home,2941137,1562078,0,9.99,1.55,Standard
LN-101669,Hajipur,2022-04-19,Home,2583612,1628846,0,9.31,1.4,Standard
LN-101670,Danapur,2019-03-21,Home,1761745,883905,0,9.87,1.46,Standard
LN-101671,Kankarbagh,2025-05-19,Home,2225811,1964341,0,9.07,1.26,Standard
LN-101672,Danapur,2025-01-11,Agri,469794,221271,0,8.84,1.02,Standard
LN-101673,Hajipur,2025-01-07,Personal,92973,48796,0,14.64,0.0,Standard
LN-101674,Hajipur,2024-06-23,Personal,295201,174381,0,13.1,0.0,Standard
LN-101675,Patna Main,2020-07-29,Personal,260233,134016,50,14.3,0.0,SMA-1
LN-101676,Boring Road,2022-01-02,Personal,275932,123369,70,14.12,0.0,SMA-2
LN-101677,Gaya,2024-04-16,Personal,382166,203632,0,14.17,0.0,Standard
LN-101678,Boring Road,2024-06-05,Home,1325727,630881,0,9.65,1.59,Standard
LN-101679,Patna Main,2024-06-06,Personal,178696,91837,491,13.04,0.0,NPA
LN-101680,Bhagalpur,2019-12-25,Home,1638703,1177370,0,9.97,1.34,Standard
LN-101681,Patna Main,2020-02-03,Home,2853929,2260706,0,9.42,1.52,Standard
LN-101682,Patna Main,2022-07-27,Personal,293479,159397,0,13.13,0.0,Standard
LN-101683,Gaya,2023-06-17,Business,4889669,3981724,0,11.69,1.09,Standard
LN-101684,Kankarbagh,2021-06-17,Personal,242501,126728,0,14.41,0.0,Standard
LN-101685,Boring Road,2019-08-06,Home,1111124,963062,0,9.46,1.25,Standard
LN-101686,Kankarbagh,2019-01-10,Home,1045783,740505,0,8.16,1.2,Standard
LN-101687,Muzaffarpur,2020-03-04,Business,937574,436190,0,11.29,1.03,Standard
LN-101688,Hajipur,2025-01-26,Personal,117810,91730,0,14.99,0.0,Standard
LN-101689,Gaya,2020-04-21,Home,883820,600558,0,9.17,1.52,Standard
LN-101690,Danapur,2025-02-05,Auto,1159822,612786,0,10.04,1.05,Standard
LN-101691,Bhagalpur,2024-02-19,Personal,308868,119736,0,13.95,0.0,Standard
LN-101692,Hajipur,2020-12-08,Agri,115862,44668,0,8.54,1.02,Standard
LN-101693,Kankarbagh,2021-07-25,Personal,199223,94456,25,13.82,0.0,SMA-0
LN-101694,Kankarbagh,2021-09-09,Personal,349549,178343,0,14.17,0.0,Standard
LN-101695,Danapur,2024-03-18,Auto,408971,285054,0,11.79,1.25,Standard
LN-101696,Patna Main,2024-08-30,Home,2492494,1730052,0,8.43,1.39,Standard
LN-101697,Kankarbagh,2023-04-23,Agri,310983,144028,0,7.6,0.98,Standard
LN-101698,Bhagalpur,2022-07-21,Auto,374526,274140,0,11.23,1.12,Standard
LN-101699,Danapur,2020-07-24,Personal,273892,103012,0,13.84,0.0,Standard
LN-101700,Muzaffarpur,2024-03-22,Personal,208163,151167,0,14.3,0.0,Standard
LN-101701,Gaya,2022-09-22,Auto,918403,725791,0,10.68,1.26,Standard
LN-101702,Kankarbagh,2021-12-21,Personal,180946,108517,0,13.45,0.0,Standard
LN-101703,Gaya,2023-01-25,Personal,206645,180830,0,13.97,0.0,Standard
LN-101704,Bhagalpur,2024-03-22,Business,1582606,777636,0,11.97,1.33,Standard
LN-101705,Muzaffarpur,2025-06-13,Auto,705380,275755,0,11.46,1.2,Standard
LN-101706,Gaya,2019-07-20,Business,1408767,1283092,0,11.54,1.19,Standard
LN-101707,Boring Road,2023-10-24,Personal,362901,275118,0,14.58,0.0,Standard
LN-101708,Muzaffarpur,2024-04-11,Home,957742,616591,0,8.59,1.25,Standard
LN-101709,Hajipur,2021-02-22,Home,1185390,1010825,0,9.21,1.47,Standard
LN-101710,Hajipur,2019-06-14,Personal,363120,193919,0,13.54,0.0,Standard
LN-101711,Danapur,2024-09-23,Personal,428220,150188,0,14.57,0.0,Standard
LN-101712,Danapur,2019-02-01,Home,1867267,1262333,0,9.41,1.38,Standard
LN-101713,Patna Main,2020-10-01,Auto,944903,807831,0,10.95,1.1,Standard
LN-101714,Bhagalpur,2020-11-10,Home,2932486,1374657,0,9.2,1.43,Standard
LN-101715,Danapur,2022-01-19,Home,2556516,1722118,0,8.23,1.26,Standard
LN-101716,Patna Main,2020-01-31,Auto,1189044,970903,0,11.34,0.96,Standard
LN-101717,Boring Road,2021-02-15,Home,1525448,1356897,0,9.59,1.44,Standard
LN-101718,Patna Main,2022-05-15,Personal,213994,190318,0,13.51,0.0,Standard
LN-101719,Gaya,2023-09-25,Personal,94836,77691,0,14.44,0.0,Standard
LN-101720,Patna Main,2024-01-29,Personal,192141,118535,0,14.17,0.0,Standard
LN-101721,Gaya,2024-06-01,Personal,54223,39967,0,14.83,0.0,Standard
LN-101722,Gaya,2021-02-18,Personal,447517,225170,97,13.58,0.0,NPA
LN-101723,Boring Road,2023-08-23,Auto,977411,441150,0,10.39,1.22,Standard
LN-101724,Patna Main,2021-01-08,Business,4208851,2348906,0,11.86,1.12,Standard
LN-101725,Muzaffarpur,2023-12-04,Auto,1157864,827022,0,11.77,1.16,Standard
LN-101726,Gaya,2021-06-16,Personal,348354,241360,0,14.44,0.0,Standard
LN-101727,Danapur,2025-03-19,Agri,514495,203593,0,8.99,0.87,Standard
LN-101728,Danapur,2025-06-01,Personal,171935,146066,0,13.47,0.0,Standard
LN-101729,Muzaffarpur,2019-06-12,Auto,546701,457563,0,11.28,1.04,Standard
LN-101730,Muzaffarpur,2021-11-06,Home,828800,777520,0,9.59,1.39,Standard
LN-101731,Kankarbagh,2019-08-18,Agri,179929,113953,0,7.1,0.97,Standard
LN-101732,Gaya,2022-04-24,Auto,479686,182359,0,10.48,1.25,Standard
LN-101733,Muzaffarpur,2025-02-02,Personal,496113,350502,0,13.06,0.0,Standard
LN-101734,Muzaffarpur,2021-05-19,Business,1473072,928631,386,12.41,1.13,NPA
LN-101735,Patna Main,2022-06-15,Personal,145056,91257,0,13.69,0.0,Standard
LN-101736,Kankarbagh,2024-12-23,Business,1489258,1290043,0,11.95,1.22,Standard
LN-101737,Boring Road,2023-10-27,Personal,79275,30578,0,14.97,0.0,Standard
LN-101738,Gaya,2019-04-10,Home,2482890,1740785,0,9.4,1.37,Standard
LN-101739,Danapur,2023-09-10,Agri,197215,78645,0,7.41,0.95,Standard
LN-101740,Hajipur,2020-12-19,Business,4586974,3486423,0,11.64,1.13,Standard
LN-101741,Muzaffarpur,2024-10-17,Personal,98169,50758,0,13.38,0.0,Standard
LN-101742,Kankarbagh,2023-02-17,Home,2492483,1919748,0,9.42,1.54,Standard
LN-101743,Muzaffarpur,2024-12-29,Personal,298225,183570,15,13.71,0.0,SMA-0
LN-101744,Danapur,2024-02-12,Personal,258142,230985,0,13.37,0.0,Standard
LN-101745,Boring Road,2020-02-23,Personal,326809,223776,0,13.62,0.0,Standard
LN-101746,Danapur,2022-06-12,Auto,313553,160413,0,11.2,1.03,Standard
LN-101747,Muzaffarpur,2021-02-18,Personal,194950,80539,0,13.66,0.0,Standard
LN-101748,Hajipur,2021-08-04,Home,1049481,798971,0,9.67,1.21,Standard
LN-101749,Bhagalpur,2019-09-12,Auto,476843,275438,0,10.64,1.14,Standard
LN-101750,Patna Main,2023-03-12,Auto,929041,799402,0,10.16,1.13,Standard
LN-101751,Boring Road,2022-07-29,Personal,401633,339612,0,14.6,0.0,Standard
LN-101752,Hajipur,2024-01-18,Auto,909235,853444,0,11.05,1.11,Standard
LN-101753,Kankarbagh,2020-09-16,Auto,1046234,553859,10,11.18,0.99,SMA-0
LN-101754,Gaya,2024-10-22,Home,1586278,1186852,0,8.14,1.61,Standard
LN-101755,Hajipur,2025-06-27,Business,1962547,1135434,0,12.64,1.27,Standard
LN-101756,Gaya,2022-08-19,Auto,1133834,1018676,0,11.52,1.2,Standard
LN-101757,Muzaffarpur,2019-05-14,Personal,126433,113880,0,13.24,0.0,Standard
LN-101758,Boring Road,2021-07-25,Home,1964260,780795,0,9.72,1.36,Standard
LN-101759,Danapur,2023-01-23,Personal,363138,155449,0,14.74,0.0,Standard
LN-101760,Gaya,2021-02-14,Home,1413458,1254466,0,9.92,1.4,Standard
LN-101761,Patna Main,2023-01-26,Auto,431575,341265,0,11.53,1.14,Standard
LN-101762,Hajipur,2024-03-22,Auto,798397,281977,0,11.23,1.2,Standard
LN-101763,Hajipur,2019-12-22,Personal,373320,194601,0,14.83,0.0,Standard
LN-101764,Patna Main,2023-11-19,Personal,401044,354655,0,13.88,0.0,Standard
LN-101765,Bhagalpur,2020-09-10,Personal,117980,66880,0,14.2,0.0,Standard
LN-101766,Danapur,2019-05-18,Home,2835811,1619194,0,8.44,1.34,Standard
LN-101767,Muzaffarpur,2023-10-13,Business,929354,345377,0,12.55,1.02,Standard
LN-101768,Gaya,2021-04-05,Home,2632420,2407382,0,8.35,1.37,Standard
LN-101769,Kankarbagh,2019-02-14,Home,1726354,1404059,0,8.82,1.24,Standard
LN-101770,Hajipur,2019-09-25,Home,1854134,1399060,0,8.61,1.59,Standard
LN-101771,Kankarbagh,2022-07-30,Personal,380208,217452,16,14.17,0.0,SMA-0
LN-101772,Gaya,2022-08-20,Agri,535088,230493,0,7.22,1.11,Standard
LN-101773,Kankarbagh,2022-07-27,Personal,78935,44235,0,14.34,0.0,Standard
LN-101774,Kankarbagh,2021-07-21,Personal,73425,55041,29,14.35,0.0,SMA-0
LN-101775,Danapur,2022-08-05,Agri,779727,376474,0,8.89,0.99,Standard
LN-101776,Boring Road,2020-07-30,Business,2156431,1639015,0,11.17,1.23,Standard
LN-101777,Bhagalpur,2022-04-05,Business,4075202,2257081,0,12.06,1.2,Standard
LN-101778,Kankarbagh,2022-03-05,Business,3640001,3263474,0,11.59,1.36,Standard
LN-101779,Muzaffarpur,2019-07-27,Home,2138707,1648665,0,8.74,1.3,Standard
LN-101780,Danapur,2022-04-30,Home,1340018,1239327,0,9.48,1.26,Standard
LN-101781,Boring Road,2024-04-10,Auto,1187457,872088,0,11.12,1.08,Standard
LN-101782,Gaya,2024-01-17,Auto,1099818,1039687,0,10.16,1.21,Standard
LN-101783,Bhagalpur,2019-02-12,Business,3419785,1323478,0,11.99,1.08,Standard
LN-101784,Bhagalpur,2023-05-28,Personal,178634,90491,0,14.61,0.0,Standard
LN-101785,Danapur,2021-02-02,Auto,958295,631552,0,11.76,1.19,Standard
LN-101786,Muzaffarpur,2021-04-01,Home,1016782,813286,0,9.28,1.22,Standard
LN-101787,Danapur,2022-09-01,Agri,683021,510167,0,7.77,0.9,Standard
LN-101788,Danapur,2023-11-14,Home,1100474,589363,0,9.49,1.44,Standard
LN-101789,Muzaffarpur,2025-02-05,Auto,320599,165664,0,10.24,1.16,Standard
LN-101790,Gaya,2021-12-10,Personal,187176,72431,0,14.44,0.0,Standard
LN-101791,Hajipur,2020-01-12,Agri,488258,296649,0,7.2,1.15,Standard
LN-101792,Gaya,2022-03-18,Personal,434640,315013,0,13.16,0.0,Standard
LN-101793,Hajipur,2023-12-12,Agri,134118,90761,0,8.2,0.86,Standard
LN-101794,Hajipur,2025-06-21,Home,2474599,1468966,0,8.17,1.36,Standard
LN-101795,Muzaffarpur,2019-09-28,Agri,546330,248102,0,7.85,0.94,Standard
LN-101796,Bhagalpur,2019-05-11,Home,1975582,797416,0,9.93,1.58,Standard
LN-101797,Danapur,2021-02-20,Auto,568420,243103,0,11.18,0.96,Standard
LN-101798,Patna Main,2022-07-30,Personal,301679,114381,0,13.02,0.0,Standard
LN-101799,Gaya,2023-07-09,Home,2487049,1650134,0,9.21,1.26,Standard
LN-101800,Kankarbagh,2021-06-29,Home,1134355,419445,0,8.47,1.36,Standard
LN-101801,Boring Road,2023-04-18,Home,2340960,1014076,0,8.7,1.42,Standard
LN-101802,Danapur,2024-11-23,Personal,226034,121216,0,13.02,0.0,Standard
LN-101803,Danapur,2022-07-29,Personal,62039,57479,2,14.05,0.0,SMA-0
LN-101804,Patna Main,2021-11-11,Home,834820,603281,0,8.66,1.35,Standard
LN-101805,Boring Road,2020-08-11,Home,2708668,2453305,0,8.43,1.41,Standard
LN-101806,Kankarbagh,2023-08-10,Home,2987283,2510057,0,8.78,1.47,Standard
LN-101807,Muzaffarpur,2020-09-20,Personal,491897,379531,0,13.76,0.0,Standard
LN-101808,Danapur,2019-12-18,Business,1668174,1298782,0,12.07,1.35,Standard
LN-101809,Danapur,2020-09-24,Personal,423151,356893,0,13.18,0.0,Standard
LN-101810,Boring Road,2022-02-28,Auto,452457,391637,0,10.27,0.97,Standard
LN-101811,Danapur,2025-02-28,Personal,244406,154726,0,13.83,0.0,Standard
LN-101812,Bhagalpur,2021-02-19,Home,2799208,1325291,0,8.2,1.22,Standard
LN-101813,Hajipur,2020-08-19,Personal,351370,195992,0,13.62,0.0,Standard
LN-101814,Boring Road,2024-10-09,Personal,156079,112508,0,13.41,0.0,Standard
LN-101815,Patna Main,2019-09-02,Business,1328193,1175114,0,12.87,1.16,Standard
LN-101816,Boring Road,2022-06-23,Business,4016554,2010407,43,12.84,1.25,SMA-1
LN-101817,Hajipur,2019-01-10,Auto,1003033,864157,0,11.39,0.94,Standard
LN-101818,Patna Main,2019-05-27,Agri,563106,393760,0,7.14,1.03,Standard
LN-101819,Patna Main,2019-10-30,Personal,165404,155360,11,14.74,0.0,SMA-0
LN-101820,Bhagalpur,2023-04-21,Personal,469794,219685,0,13.9,0.0,Standard
LN-101821,Gaya,2021-07-16,Home,849939,444447,0,8.79,1.34,Standard
LN-101822,Danapur,2023-04-06,Personal,456914,213529,273,13.91,0.0,NPA
LN-101823,Gaya,2019-11-20,Personal,484767,329655,0,14.28,0.0,Standard
LN-101824,Kankarbagh,2019-09-06,Agri,383836,163740,0,7.16,1.02,Standard
LN-101825,Bhagalpur,2019-12-28,Home,2845252,2327088,393,8.93,1.54,NPA
LN-101826,Gaya,2021-06-26,Personal,324062,177373,0,14.66,0.0,Standard
LN-101827,Bhagalpur,2021-01-10,Personal,100248,53359,0,13.49,0.0,Standard
LN-101828,Kankarbagh,2021-07-01,Home,1828984,1211959,0,8.12,1.24,Standard
LN-101829,Kankarbagh,2024-11-06,Agri,436343,217959,0,8.16,1.02,Standard
LN-101830,Hajipur,2022-11-09,Personal,344169,166145,0,13.77,0.0,Standard
LN-101831,Danapur,2019-02-03,Personal,150579,118478,73,14.49,0.0,SMA-2
LN-101832,Patna Main,2019-01-03,Business,638207,328235,0,12.46,1.13,Standard
LN-101833,Bhagalpur,2019-02-22,Business,1235801,559816,0,12.01,1.1,Standard
LN-101834,Hajipur,2023-01-21,Agri,689437,556474,0,7.2,1.03,Standard
LN-101835,Bhagalpur,2019-12-28,Agri,207117,124499,0,7.7,1.14,Standard
LN-101836,Kankarbagh,2021-05-25,Auto,831354,463007,0,10.9,1.03,Standard
LN-101837,Boring Road,2023-07-02,Auto,1096766,819374,0,11.74,0.97,Standard
LN-101838,Bhagalpur,2019-11-30,Home,1150891,705106,0,9.11,1.26,Standard
LN-101839,Danapur,2019-09-10,Personal,130322,63781,0,13.66,0.0,Standard
LN-101840,Bhagalpur,2024-02-14,Auto,348615,234258,0,10.97,1.19,Standard
LN-101841,Danapur,2022-06-22,Home,1412091,1110648,0,8.97,1.5,Standard
LN-101842,Kankarbagh,2019-04-19,Business,4135354,2578074,0,11.76,1.17,Standard
LN-101843,Muzaffarpur,2020-02-02,Personal,158386,105895,0,13.37,0.0,Standard
LN-101844,Boring Road,2025-01-23,Agri,290160,185378,0,7.9,1.15,Standard
LN-101845,Bhagalpur,2020-07-11,Agri,569463,303144,0,8.12,0.89,Standard
LN-101846,Danapur,2023-09-22,Agri,299541,264004,0,8.03,0.97,Standard
LN-101847,Danapur,2023-07-04,Personal,393221,160614,0,14.75,0.0,Standard
LN-101848,Hajipur,2022-04-23,Home,2220685,1427863,0,8.09,1.31,Standard
LN-101849,Bhagalpur,2021-03-31,Auto,1121449,563913,0,11.22,1.06,Standard
LN-101850,Kankarbagh,2019-04-28,Agri,212553,179947,0,7.84,0.87,Standard
LN-101851,Bhagalpur,2025-01-13,Home,1098420,711860,0,8.8,1.27,Standard
LN-101852,Hajipur,2020-06-06,Auto,323816,152311,75,10.43,1.02,SMA-2
LN-101853,Muzaffarpur,2020-08-29,Home,1008824,383597,0,8.06,1.34,Standard
LN-101854,Hajipur,2022-05-31,Auto,1189596,1089412,0,11.42,1.05,Standard
LN-101855,Bhagalpur,2024-12-09,Personal,370154,324370,54,13.77,0.0,SMA-1
LN-101856,Patna Main,2024-08-16,Business,1276361,901131,0,11.99,1.17,Standard
LN-101857,Muzaffarpur,2019-08-16,Home,1839190,1136689,0,8.19,1.32,Standard
LN-101858,Kankarbagh,2021-07-05,Business,651711,558657,0,11.68,1.14,Standard
LN-101859,Danapur,2021-12-31,Auto,993196,632315,0,11.95,0.96,Standard
LN-101860,Boring Road,2023-09-01,Agri,349251,129675,0,8.1,0.96,Standard
LN-101861,Kankarbagh,2021-11-11,Personal,371772,339222,0,14.18,0.0,Standard
LN-101862,Muzaffarpur,2023-07-28,Business,3681336,3232274,0,12.12,1.13,Standard
LN-101863,Bhagalpur,2023-08-30,Agri,763261,394866,0,7.18,1.1,Standard
LN-101864,Muzaffarpur,2023-09-13,Personal,186888,169158,0,14.79,0.0,Standard
LN-101865,Patna Main,2020-01-16,Agri,620965,488113,0,8.83,1.09,Standard
LN-101866,Hajipur,2024-02-06,Home,1987538,1085060,0,8.21,1.4,Standard
LN-101867,Hajipur,2024-01-02,Home,2718163,2245875,0,8.6,1.37,Standard
LN-101868,Gaya,2023-06-10,Business,1443884,877986,0,12.53,1.23,Standard
LN-101869,Muzaffarpur,2019-01-07,Home,2273304,1526923,0,8.04,1.26,Standard
LN-101870,Patna Main,2024-10-21,Business,2054134,1654247,0,12.24,1.21,Standard
LN-101871,Danapur,2019-05-09,Auto,820369,692885,0,11.64,1.12,Standard
LN-101872,Bhagalpur,2024-04-05,Personal,306765,235628,0,13.62,0.0,Standard
LN-101873,Hajipur,2024-12-29,Personal,70740,66474,373,13.86,0.0,NPA
LN-101874,Patna Main,2019-03-07,Home,1860433,1457106,0,8.27,1.49,Standard
LN-101875,Boring Road,2024-07-19,Personal,349950,316151,0,13.7,0.0,Standard
LN-101876,Patna Main,2020-01-25,Auto,468709,361375,0,11.28,0.94,Standard
LN-101877,Muzaffarpur,2023-10-21,Business,2010187,819118,0,12.58,1.22,Standard
LN-101878,Bhagalpur,2021-04-03,Agri,122696,45194,0,7.81,1.01,Standard
LN-101879,Muzaffarpur,2023-07-17,Agri,422405,218071,0,7.8,1.02,Standard
LN-101880,Gaya,2019-08-11,Business,4753473,3240025,0,12.01,1.03,Standard
LN-101881,Danapur,2021-03-30,Auto,1054099,609232,0,11.57,0.96,Standard
LN-101882,Kankarbagh,2022-01-21,Auto,1124268,519004,0,11.3,1.01,Standard
LN-101883,Danapur,2021-11-25,Agri,375043,185361,0,7.33,1.01,Standard
LN-101884,Gaya,2022-09-02,Personal,202270,165309,33,13.41,0.0,SMA-1
LN-101885,Muzaffarpur,2024-11-03,Personal,261895,227566,0,14.27,0.0,Standard
LN-101886,Muzaffarpur,2019-03-07,Business,2292621,851571,0,12.08,1.11,Standard
LN-101887,Bhagalpur,2022-03-02,Auto,829142,615463,0,10.03,1.13,Standard
LN-101888,Boring Road,2020-07-14,Home,1169796,721419,0,8.42,1.3,Standard
LN-101889,Muzaffarpur,2023-03-18,Auto,933391,790825,0,10.48,1.21,Standard
LN-101890,Gaya,2022-06-29,Personal,441411,250127,0,14.63,0.0,Standard
LN-101891,Boring Road,2023-04-18,Agri,165465,98128,0,8.18,1.14,Standard
LN-101892,Kankarbagh,2019-01-17,Home,1502076,791244,0,9.17,1.35,Standard
LN-101893,Patna Main,2019-01-05,Personal,297547,136621,0,14.87,0.0,Standard
LN-101894,Bhagalpur,2023-11-08,Home,2412436,1938851,0,8.49,1.33,Standard
LN-101895,Danapur,2019-02-07,Agri,502519,327551,0,7.68,0.96,Standard
LN-101896,Kankarbagh,2020-08-18,Auto,573993,396534,0,11.95,1.15,Standard
LN-101897,Danapur,2020-08-26,Personal,94979,67668,0,14.92,0.0,Standard
LN-101898,Danapur,2024-03-14,Personal,122939,116331,0,14.11,0.0,Standard
LN-101899,Patna Main,2020-08-26,Business,1091359,741013,0,12.92,1.15,Standard
LN-101900,Muzaffarpur,2022-04-26,Home,1743482,1421660,0,8.89,1.32,Standard
LN-101901,Muzaffarpur,2019-04-22,Agri,683189,353761,0,8.05,1.13,Standard
LN-101902,Muzaffarpur,2019-06-29,Auto,1060798,827708,0,11.4,1.1,Standard
LN-101903,Bhagalpur,2019-12-12,Business,924711,775868,0,11.8,1.3,Standard
LN-101904,Patna Main,2020-04-27,Personal,248931,99523,0,13.85,0.0,Standard
LN-101905,Danapur,2023-07-26,Home,2064194,1723718,0,9.19,1.23,Standard
LN-101906,Danapur,2022-11-25,Home,1180782,1026161,0,9.52,1.58,Standard
LN-101907,Bhagalpur,2019-12-20,Auto,574415,520221,0,10.21,1.22,Standard
LN-101908,Kankarbagh,2024-08-13,Business,2371265,1227161,0,12.12,1.13,Standard
LN-101909,Danapur,2024-09-07,Business,793886,537006,0,12.02,1.21,Standard
LN-101910,Danapur,2021-05-23,Personal,206261,167867,0,13.99,0.0,Standard
LN-101911,Bhagalpur,2020-06-29,Home,899202,584279,0,8.04,1.61,Standard
LN-101912,Muzaffarpur,2024-10-18,Personal,166850,72613,0,14.7,0.0,Standard
LN-101913,Danapur,2022-02-19,Home,2326865,865930,0,8.13,1.37,Standard
LN-101914,Kankarbagh,2022-07-23,Agri,313538,119592,0,7.65,1.11,Standard
LN-101915,Gaya,2021-10-29,Agri,267042,168965,0,8.49,0.89,Standard
LN-101916,Muzaffarpur,2023-08-08,Auto,580883,403500,0,11.15,1.04,Standard
LN-101917,Muzaffarpur,2021-06-04,Personal,113686,50345,0,13.47,0.0,Standard
LN-101918,Danapur,2023-02-28,Business,2282135,1882742,0,12.26,1.14,Standard
LN-101919,Bhagalpur,2023-03-01,Personal,382163,282337,0,13.94,0.0,Standard
LN-101920,Hajipur,2019-05-24,Home,1249284,789394,0,9.22,1.6,Standard
LN-101921,Danapur,2022-05-03,Home,889263,408432,0,8.64,1.51,Standard
LN-101922,Muzaffarpur,2024-04-23,Personal,486474,382707,0,13.39,0.0,Standard
LN-101923,Boring Road,2019-02-14,Agri,244015,137908,0,8.85,0.92,Standard
LN-101924,Bhagalpur,2023-05-23,Business,1674083,1333189,259,11.92,1.23,NPA
LN-101925,Danapur,2022-01-09,Home,969295,653601,0,8.06,1.31,Standard
LN-101926,Gaya,2020-12-25,Personal,61156,27815,0,13.61,0.0,Standard
LN-101927,Kankarbagh,2020-12-26,Auto,1049879,676737,0,10.88,1.16,Standard
LN-101928,Boring Road,2023-11-08,Home,2083266,1728179,0,8.68,1.3,Standard
LN-101929,Patna Main,2019-10-31,Home,2602652,2450078,465,9.26,1.32,NPA
LN-101930,Kankarbagh,2019-04-08,Home,1950778,769918,0,9.95,1.43,Standard
LN-101931,Kankarbagh,2021-08-14,Personal,402307,169179,0,13.04,0.0,Standard
LN-101932,Danapur,2019-09-05,Business,2408756,1168601,0,11.39,1.03,Standard
LN-101933,Bhagalpur,2023-11-27,Home,2268764,1490506,0,9.5,1.33,Standard
LN-101934,Patna Main,2022-04-29,Business,4139668,2663848,0,12.5,1.16,Standard
LN-101935,Danapur,2024-09-24,Home,1642906,989826,0,9.67,1.34,Standard
LN-101936,Patna Main,2022-09-14,Auto,970427,667202,0,11.38,1.03,Standard
LN-101937,Patna Main,2021-08-17,Home,865899,400255,0,8.71,1.35,Standard
LN-101938,Danapur,2019-01-13,Agri,198713,162517,0,8.45,0.93,Standard
LN-101939,Danapur,2023-12-13,Personal,316906,236171,0,14.98,0.0,Standard
LN-101940,Kankarbagh,2021-01-05,Home,931772,845611,0,8.78,1.24,Standard
LN-101941,Kankarbagh,2019-06-27,Auto,526839,228978,0,12.0,0.95,Standard
LN-101942,Patna Main,2019-07-03,Home,1424147,1186078,0,9.87,1.34,Standard
LN-101943,Gaya,2024-02-06,Home,1425231,820293,0,9.27,1.22,Standard
LN-101944,Danapur,2022-05-12,Home,1935932,1049798,0,8.52,1.41,Standard
LN-101945,Kankarbagh,2025-02-06,Business,3981039,2168242,0,12.0,1.08,Standard
LN-101946,Kankarbagh,2020-06-13,Personal,263767,174501,0,13.24,0.0,Standard
LN-101947,Hajipur,2023-04-23,Business,1856790,1208201,35,12.22,1.15,SMA-1
LN-101948,Hajipur,2022-06-27,Home,2938936,1659562,0,9.93,1.48,Standard
LN-101949,Gaya,2019-12-29,Home,2955376,1107527,0,9.43,1.53,Standard
LN-101950,Kankarbagh,2024-11-30,Personal,166540,116618,0,13.2,0.0,Standard
LN-101951,Gaya,2025-06-30,Auto,499830,215722,20,10.75,1.13,SMA-0
LN-101952,Boring Road,2021-04-19,Auto,856429,737432,461,10.92,1.26,NPA
LN-101953,Hajipur,2023-06-22,Agri,753485,535379,0,8.95,0.87,Standard
LN-101954,Kankarbagh,2024-02-03,Home,1152402,509010,0,8.58,1.38,Standard
LN-101955,Danapur,2021-12-08,Agri,207605,155976,0,8.72,0.96,Standard
LN-101956,Kankarbagh,2022-08-19,Business,3716289,1310526,0,11.39,1.28,Standard
LN-101957,Muzaffarpur,2019-06-22,Personal,134030,56982,0,13.3,0.0,Standard
LN-101958,Kankarbagh,2021-09-13,Business,2413158,1322517,0,11.84,1.21,Standard
LN-101959,Danapur,2022-06-09,Auto,492399,405527,0,11.21,1.14,Standard
LN-101960,Hajipur,2023-01-24,Personal,482378,407078,0,13.64,0.0,Standard
LN-101961,Bhagalpur,2025-02-18,Agri,196071,90383,0,7.66,1.02,Standard
LN-101962,Patna Main,2023-10-21,Home,1428394,1095398,0,8.44,1.32,Standard
LN-101963,Muzaffarpur,2024-05-13,Auto,622316,399457,0,10.37,1.12,Standard
LN-101964,Gaya,2022-01-13,Business,3229891,2562983,292,11.78,1.31,NPA
LN-101965,Gaya,2021-06-23,Auto,967576,439717,0,11.07,1.09,Standard
LN-101966,Danapur,2021-05-25,Personal,241860,130069,0,14.14,0.0,Standard
LN-101967,Bhagalpur,2024-12-07,Personal,443572,358995,0,14.12,0.0,Standard
LN-101968,Muzaffarpur,2025-02-19,Business,3287245,2797315,0,12.02,1.2,Standard
LN-101969,Boring Road,2021-08-25,Agri,172212,107747,0,8.69,1.02,Standard
LN-101970,Gaya,2025-01-05,Business,4552031,2432064,0,11.64,1.14,Standard
LN-101971,Patna Main,2019-04-18,Personal,356536,147395,0,13.22,0.0,Standard
LN-101972,Kankarbagh,2019-07-19,Personal,151578,82601,0,13.52,0.0,Standard
LN-101973,Patna Main,2020-01-19,Auto,678671,576390,0,11.39,1.12,Standard
LN-101974,Hajipur,2023-06-16,Personal,130278,59259,0,13.49,0.0,Standard
LN-101975,Muzaffarpur,2023-01-06,Personal,242826,196312,21,13.54,0.0,SMA-0
LN-101976,Muzaffarpur,2025-03-26,Personal,212740,180676,0,13.7,0.0,Standard
LN-101977,Kankarbagh,2019-09-03,Home,2504735,2227795,0,8.47,1.6,Standard
LN-101978,Muzaffarpur,2020-12-13,Business,1804200,1486838,0,12.09,1.31,Standard
LN-101979,Bhagalpur,2023-05-31,Personal,488032,212117,0,13.61,0.0,Standard
LN-101980,Patna Main,2022-01-17,Business,4959131,2423740,0,11.59,1.23,Standard
LN-101981,Hajipur,2019-02-05,Business,2280645,1432831,0,11.43,1.16,Standard
LN-101982,Kankarbagh,2020-05-14,Auto,1024770,778237,0,10.23,1.02,Standard
LN-101983,Hajipur,2024-09-04,Personal,116531,97778,0,14.78,0.0,Standard
LN-101984,Bhagalpur,2022-12-06,Business,2676337,1397704,0,12.4,1.05,Standard
LN-101985,Patna Main,2019-11-04,Agri,501397,284831,0,8.22,1.14,Standard
LN-101986,Kankarbagh,2025-01-27,Auto,711548,337800,0,10.18,1.04,Standard
LN-101987,Patna Main,2019-04-21,Agri,157484,120887,0,7.5,0.92,Standard
LN-101988,Danapur,2021-11-27,Agri,535812,258848,0,7.78,0.96,Standard
LN-101989,Danapur,2024-05-29,Auto,901890,595364,0,11.83,1.21,Standard
LN-101990,Gaya,2023-01-01,Personal,321521,282623,0,13.89,0.0,Standard
LN-101991,Hajipur,2019-01-04,Business,3848248,3270641,0,11.17,1.06,Standard
LN-101992,Boring Road,2024-08-05,Personal,303288,250518,0,13.67,0.0,Standard
LN-101993,Patna Main,2019-04-01,Agri,358807,125960,0,8.01,1.08,Standard
LN-101994,Hajipur,2019-06-27,Agri,373675,332131,85,8.52,0.9,SMA-2
LN-101995,Kankarbagh,2019-03-05,Business,3701464,3322125,0,11.9,1.19,Standard
LN-101996,Gaya,2019-09-06,Home,2423272,2155383,0,9.35,1.29,Standard
LN-101997,Gaya,2021-09-12,Auto,347486,153886,0,10.35,0.99,Standard
LN-101998,Hajipur,2024-03-08,Agri,267001,140760,0,7.63,1.12,Standard
LN-101999,Kankarbagh,2025-02-11,Business,1653673,1043326,0,11.73,1.12,Standard
LN-102000,Danapur,2022-07-02,Auto,304036,125506,0,10.45,1.26,Standard
